"genotype","m001","m002","m003","m004","m005","m006","m007","m008","m009","m010","m011","m012","m013","m014","m015","m016","m017","m018","m019","m020","m021","m022","m023","m024","m025","m026","m027","m028","m029","m030","m031","m032","m033","m034","m035","m036","m037","m038","m039","m040","m041","m042","m043","m044","m045","m046","m047","m048","m049","m050","m051","m052","m053","m054","m055","m056","m057","m058","m059","m060","m061","m062","m063","m064","m065","m066","m067","m068","m069","m070","m071","m072","m073","m074","m075","m076","m077","m078","m079","m080","m081","m082","m083","m084","m085","m086","m087","m088","m089","m090","m091","m092","m093","m094","m095","m096","m097","m098","m099","m100","m101","m102","m103","m104","m105","m106","m107","m108","m109","m110","m111","m112","m113","m114","m115","m116","m117","m118","m119","m120","m121","m122","m123","m124","m125","m126","m127","m128","m129","m130","m131","m132","m133","m134","m135","m136","m137","m138","m139","m140","m141","m142","m143","m144","m145","m146","m147","m148","m149","m150","m151","m152","m153","m154","m155","m156","m157","m158","m159","m160","m161","m162","m163","m164","m165","m166","m167","m168","m169","m170","m171","m172","m173","m174","m175","m176","m177","m178","m179","m180","m181","m182","m183","m184","m185","m186","m187","m188","m189","m190","m191","m192","m193","m194","m195","m196","m197","m198","m199","m200"
"TOM-0001",1,0,1,1,0,0,1,2,1,1,1,2,2,0,2,2,2,2,1,1,1,0,2,0,2,0,1,1,1,0,0,2,2,0,1,0,2,1,0,2,1,0,2,0,1,2,1,2,2,0,2,0,1,1,0,2,2,2,0,1,2,1,1,1,0,1,0,1,2,2,1,1,0,2,1,1,1,1,2,1,1,2,1,1,2,1,0,0,2,2,0,2,0,2,2,1,1,1,1,0,1,0,1,1,1,1,2,2,1,0,0,1,0,1,2,0,1,0,1,2,2,2,0,2,1,2,0,2,0,0,0,0,1,0,1,1,0,1,0,0,2,1,1,1,1,2,2,1,0,0,1,1,2,2,2,2,0,2,0,1,0,0,0,0,0,2,0,1,1,1,2,0,0,1,1,1,1,0,0,1,0,2,2,1,1,1,1,0,1,1,2,0,1,0,2,0,0,0,0,2
"TOM-0002",0,0,1,1,1,0,1,2,0,2,0,1,2,1,2,2,1,2,1,0,1,0,1,1,2,0,1,1,0,0,0,2,2,1,2,1,1,0,0,1,2,0,2,0,0,1,1,2,1,0,2,1,1,1,0,2,2,1,0,2,2,0,2,2,1,2,2,1,0,2,0,2,0,2,0,1,2,2,0,1,2,2,1,1,2,2,2,0,1,2,2,0,1,1,2,1,2,1,0,0,2,0,1,1,0,2,2,2,1,1,0,1,2,1,2,0,0,2,1,0,2,2,1,2,2,0,0,1,0,2,0,2,0,0,2,2,1,2,1,2,1,2,0,0,2,1,1,2,2,1,0,2,2,2,2,1,1,1,0,0,1,0,0,1,0,1,0,1,1,1,1,1,0,1,2,1,0,1,0,1,0,1,1,0,1,1,2,0,1,2,1,0,1,0,1,0,1,0,0,1
"TOM-0003",1,0,2,1,1,1,1,2,0,2,1,2,2,1,2,2,2,2,0,0,1,2,2,0,1,0,0,2,0,1,1,2,1,1,0,1,0,0,1,1,2,2,1,0,0,1,2,1,2,0,1,0,0,2,1,2,2,2,0,2,2,0,2,2,0,2,2,0,2,1,2,1,0,2,1,0,2,1,0,1,2,0,0,2,2,0,1,2,1,2,0,0,0,1,2,0,2,1,0,2,2,1,2,1,0,2,2,1,1,2,0,2,2,1,2,2,0,0,1,1,2,1,1,2,2,1,1,0,0,1,0,0,0,0,2,1,0,2,0,2,2,2,2,1,2,0,1,2,1,0,0,1,1,2,2,2,0,2,1,1,0,1,0,0,0,1,2,1,1,0,1,0,0,1,2,2,2,1,0,1,2,0,2,0,1,2,1,0,1,1,2,2,0,0,2,0,0,0,0,1
"PLA-001",2,0,2,0,2,2,0,0,2,2,2,0,2,2,2,2,2,2,2,0,0,0,2,0,2,2,2,2,2,2,2,2,2,0,0,0,2,2,0,2,2,2,2,0,0,2,0,2,2,2,2,0,2,0,2,2,2,2,2,2,2,0,2,2,2,0,2,0,2,2,2,2,2,2,0,0,2,2,0,0,2,0,2,2,2,0,0,0,2,2,2,0,2,2,2,0,2,2,0,2,2,0,2,0,0,2,2,2,2,2,0,0,2,2,2,2,0,2,2,2,2,0,2,2,2,2,2,2,0,0,0,2,0,0,2,2,0,0,0,0,2,2,2,2,2,2,0,0,0,2,2,0,2,2,2,2,0,2,2,0,0,0,0,0,0,2,0,2,0,0,0,0,0,0,0,2,2,0,2,0,0,0,2,0,0,0,2,0,2,2,0,2,2,0,2,0,2,2,2,2
"PLA-002",2,0,0,2,2,2,0,2,0,2,2,0,2,2,2,2,2,2,2,2,0,0,2,0,2,2,2,2,0,2,0,2,2,2,0,0,2,0,0,2,2,2,2,0,0,2,0,0,2,2,2,0,2,0,2,2,2,2,0,2,2,0,2,2,0,0,2,0,2,2,0,2,2,0,0,0,2,2,0,2,2,2,2,2,2,0,2,0,2,2,2,0,2,2,2,0,2,2,2,2,2,0,2,0,2,2,0,2,2,2,0,0,2,0,2,0,0,2,2,2,2,0,2,2,2,0,2,0,0,0,0,2,2,0,2,2,2,0,0,2,2,2,0,0,2,2,0,2,2,2,0,0,2,2,2,2,0,2,0,0,2,0,0,2,0,2,0,2,0,2,0,0,2,2,2,0,2,0,0,2,2,2,0,0,0,0,2,0,2,0,0,2,0,0,2,0,2,2,0,2
"PLA-003",0,0,0,0,0,2,0,2,0,2,2,2,2,2,2,2,2,2,2,0,2,0,2,0,2,0,2,2,0,2,2,2,0,0,0,0,2,2,0,2,0,2,2,0,0,2,0,2,2,0,2,0,2,2,0,2,2,2,2,2,2,0,2,2,2,2,2,0,2,2,2,2,0,0,2,2,2,2,2,2,2,0,2,2,2,0,0,0,0,2,2,2,2,2,2,0,2,0,0,0,2,2,0,0,2,2,2,2,2,2,0,0,2,2,2,2,0,2,2,0,2,2,2,2,2,2,0,2,0,0,0,2,2,2,2,2,2,0,2,0,2,2,2,2,2,2,2,0,2,2,0,0,2,2,2,2,0,2,0,2,0,0,0,2,0,2,0,2,0,2,2,0,0,2,2,2,2,0,0,2,2,2,2,0,0,0,2,0,2,0,2,2,2,2,2,0,2,2,0,2
"PLA-004",0,0,2,2,2,2,0,2,0,2,2,0,2,2,2,2,2,2,2,2,2,0,0,0,0,2,2,2,2,2,0,2,0,2,0,0,0,0,0,2,0,2,2,0,0,2,0,2,2,0,2,0,2,0,0,2,2,2,2,2,2,0,2,2,0,2,2,0,2,2,0,2,2,0,0,2,2,2,0,2,2,2,2,2,2,2,2,0,0,2,0,0,2,2,0,0,2,2,0,0,2,0,0,0,2,2,2,2,2,2,0,2,2,0,2,0,0,2,2,0,2,0,2,2,2,0,0,0,0,0,0,2,0,0,2,2,2,2,0,2,2,2,0,0,2,2,2,2,2,0,0,2,2,2,2,2,0,2,2,2,0,0,0,0,0,0,0,2,2,2,0,0,0,2,2,0,2,0,0,0,0,2,2,0,0,2,2,0,2,2,2,2,2,0,2,0,0,2,0,2
"PLA-005",0,0,2,0,0,0,2,0,0,2,0,2,2,2,2,2,2,2,2,0,2,0,2,0,2,2,2,2,2,2,0,2,0,2,0,2,2,2,0,2,2,0,2,0,2,2,2,2,2,2,0,0,0,0,2,2,2,2,0,0,2,0,2,2,0,0,2,0,2,2,0,2,0,0,2,0,2,2,0,2,2,2,2,0,2,2,2,2,0,2,2,2,0,2,0,2,2,0,0,0,2,0,2,0,2,0,2,2,2,2,0,0,0,0,2,2,0,2,2,2,2,2,0,2,2,2,2,2,0,0,0,0,0,0,0,2,2,2,0,0,2,2,2,2,0,2,0,0,2,2,2,2,2,2,2,2,2,2,0,2,0,0,2,2,0,2,0,2,0,0,2,0,0,0,0,2,2,2,0,2,2,2,0,0,0,0,2,0,2,0,2,2,0,2,2,0,0,0,0,0
"PLA-006",2,0,2,2,0,2,2,2,0,2,2,2,2,2,2,2,2,2,2,0,0,0,2,2,2,2,2,2,2,2,0,0,2,0,2,2,2,0,0,0,0,2,2,0,0,2,2,2,2,2,2,0,2,0,0,2,2,2,0,0,2,0,2,2,0,2,2,0,2,2,0,2,2,2,0,0,2,2,2,0,2,2,2,2,2,0,2,2,0,2,2,2,2,2,2,0,2,0,0,0,2,0,2,2,0,0,2,2,2,2,0,2,0,0,0,0,0,2,0,0,2,0,0,2,2,2,0,2,0,2,2,0,0,0,0,0,0,2,0,2,2,2,2,2,0,2,0,0,2,2,2,0,2,2,2,2,2,2,0,2,0,0,0,2,0,2,2,2,2,0,0,0,2,0,0,0,0,2,2,0,2,2,0,0,0,0,2,0,2,0,2,2,2,2,0,0,0,2,2,2
"PLA-007",2,0,2,2,2,0,2,2,0,2,2,2,0,2,2,2,2,2,2,0,2,0,2,2,0,2,2,2,2,2,0,2,0,2,0,2,2,0,0,2,2,2,2,0,2,2,2,2,2,0,2,0,0,0,0,2,2,2,2,2,2,0,2,2,0,2,2,0,2,2,0,2,2,0,0,2,2,2,2,0,2,2,2,2,2,0,0,0,2,2,2,0,2,2,2,2,2,2,2,2,2,0,2,0,2,0,2,2,2,2,0,0,2,0,0,2,0,2,2,2,0,0,2,2,2,2,0,2,0,0,2,0,0,0,0,0,2,2,2,2,2,0,2,0,0,0,0,0,2,2,2,2,0,2,0,2,2,2,0,2,0,0,2,0,2,2,2,2,0,0,0,0,2,2,2,2,2,2,0,0,2,2,0,0,0,0,2,0,2,2,2,2,0,2,2,0,0,0,2,0
"PLA-008",0,0,0,0,0,2,2,2,0,2,2,0,2,2,2,2,2,2,2,0,0,2,2,0,2,0,2,2,2,2,2,0,2,0,0,0,2,0,0,2,2,0,0,0,0,2,0,2,0,2,2,0,2,0,2,2,2,2,0,2,2,0,0,2,0,2,2,0,0,2,2,2,2,2,2,0,2,2,0,0,2,0,2,2,2,2,2,0,0,2,2,2,2,2,0,0,2,2,0,2,2,2,2,0,2,0,2,2,2,2,0,0,2,0,2,2,0,2,2,0,2,2,0,2,2,2,2,0,0,2,0,2,0,0,2,0,0,2,2,2,2,2,2,0,2,2,0,0,2,0,0,2,0,2,2,2,0,2,2,2,0,0,0,0,2,2,0,2,0,0,2,0,2,0,0,2,0,0,0,0,0,0,2,0,0,0,2,0,0,0,2,2,0,0,2,0,0,0,0,2
"PLA-009",0,0,0,0,2,0,2,2,0,2,2,2,0,2,2,2,2,0,2,0,2,2,0,2,0,0,2,2,0,2,0,2,0,2,0,0,2,0,0,2,2,2,2,0,0,2,2,2,2,0,2,0,2,2,2,2,2,0,0,2,2,0,2,2,0,2,0,0,2,2,2,2,2,0,0,0,2,2,0,0,2,2,2,2,2,2,2,0,0,2,2,2,2,2,2,2,2,2,2,0,2,2,2,0,0,2,2,2,2,2,0,0,2,0,2,0,0,0,2,2,2,2,2,2,2,2,2,2,0,2,0,2,2,2,2,0,0,2,0,2,2,2,2,0,2,2,0,0,2,0,0,2,2,2,0,2,2,2,0,2,0,0,0,0,2,2,0,2,0,0,2,2,2,2,2,2,2,2,2,0,2,0,2,0,0,0,2,0,0,0,2,2,2,0,2,0,0,0,0,2
"PLA-010",0,0,0,0,2,0,2,2,2,2,2,2,2,2,2,2,2,2,2,0,2,2,2,2,2,0,2,2,0,2,0,2,2,2,0,0,2,0,0,2,2,0,0,0,2,2,2,0,2,0,2,0,2,2,0,0,2,0,0,2,0,2,2,2,0,2,2,0,2,2,2,2,2,0,0,0,2,2,0,0,2,2,2,0,2,2,2,0,2,2,0,2,2,2,2,0,2,0,0,0,2,2,2,0,2,0,2,2,2,0,0,2,2,2,2,2,0,0,0,2,0,2,2,2,0,2,0,2,0,2,0,2,2,0,2,2,0,2,0,2,0,2,2,0,2,2,0,0,2,2,0,0,2,2,0,2,0,2,0,2,0,0,2,0,0,2,0,2,0,2,0,0,0,0,0,2,2,2,2,2,0,0,2,0,2,0,2,0,2,0,2,2,0,0,2,0,0,0,0,0
"PLA-011",0,0,2,2,0,0,2,2,2,2,2,0,2,2,2,0,2,0,2,0,2,2,2,2,2,2,2,2,0,2,2,2,2,2,0,0,2,0,0,0,2,2,2,2,0,2,0,0,0,2,2,2,2,2,2,2,2,2,0,2,0,0,2,2,0,2,2,0,2,2,2,2,2,2,0,2,2,2,0,0,2,0,2,2,2,2,2,0,2,2,2,2,2,2,2,0,2,0,0,2,2,2,0,0,2,2,2,2,2,2,0,0,2,0,2,2,0,2,0,0,2,2,2,2,2,2,2,0,0,2,0,0,0,0,2,2,0,2,0,2,2,2,2,0,2,2,0,0,2,0,0,0,2,2,0,2,0,2,2,2,0,0,2,0,0,2,2,0,0,0,2,0,0,2,0,0,2,0,0,0,2,0,2,2,0,0,2,0,0,0,2,2,2,0,2,0,0,0,2,0
"PLA-012",0,0,2,2,2,2,0,2,0,2,2,0,0,2,2,2,2,2,2,0,2,0,0,0,0,2,2,2,2,2,0,2,0,0,0,0,2,0,0,2,2,0,2,0,0,2,2,2,2,2,2,2,2,2,2,0,2,2,0,2,2,0,2,2,0,2,2,0,2,2,2,2,2,2,0,2,2,2,0,0,2,0,2,2,2,0,2,0,0,2,2,0,2,2,2,0,2,0,0,0,2,2,0,2,2,2,2,2,2,2,0,2,2,0,2,2,0,0,0,2,2,0,0,2,2,0,2,2,0,0,0,2,2,2,2,0,2,2,0,2,2,2,0,0,0,2,0,0,2,0,0,2,2,2,2,2,2,2,0,2,0,0,0,0,2,2,2,2,0,0,0,0,2,2,2,2,0,0,0,0,0,2,2,0,2,0,2,0,0,2,2,2,2,0,2,2,0,0,2,2
"PLA-013",0,0,2,0,2,0,2,2,0,2,2,2,2,2,2,2,2,2,2,0,2,0,2,0,2,2,2,2,2,2,0,0,2,2,0,0,0,0,0,2,2,2,2,0,0,2,2,2,2,0,2,0,2,2,0,2,2,2,2,2,2,0,2,2,0,0,2,0,2,2,0,2,2,0,0,2,2,2,0,0,2,2,2,2,2,2,2,0,2,2,2,0,2,2,2,0,2,2,2,2,2,0,2,2,0,2,2,2,2,2,0,2,2,2,0,2,0,0,2,0,2,2,2,2,2,2,2,2,0,0,0,2,0,2,2,2,0,2,0,2,2,2,2,0,2,2,0,0,2,2,2,2,2,2,2,2,0,0,0,2,0,0,2,0,2,2,2,0,0,0,0,0,0,0,2,2,2,2,2,2,2,2,2,0,2,0,2,0,0,2,2,2,0,0,2,2,0,0,2,0
"PLA-014",0,0,2,0,0,2,2,2,2,2,2,2,0,2,2,0,2,2,2,0,2,0,0,0,2,2,2,2,2,2,0,0,2,0,0,0,2,0,2,2,2,0,0,2,2,2,2,2,2,2,2,0,2,2,0,2,2,2,0,2,2,2,0,2,0,2,2,0,2,2,0,2,2,2,0,2,2,2,0,2,2,2,2,0,0,2,2,0,2,2,2,2,2,2,2,2,2,2,0,0,2,0,2,0,2,2,2,2,2,2,2,0,2,2,0,0,0,0,2,0,2,0,2,2,2,0,2,2,0,0,0,0,2,0,2,0,0,2,0,2,2,0,0,0,0,0,0,2,2,2,2,2,0,2,2,2,2,2,0,2,0,0,2,2,0,2,2,0,0,0,2,0,2,0,2,2,0,2,0,0,0,2,2,0,2,0,2,0,0,2,0,2,0,0,2,0,0,0,2,2
"PLA-015",2,0,2,0,0,0,2,2,0,2,2,0,2,2,2,0,2,2,2,0,2,0,2,2,2,2,2,2,0,2,0,2,0,0,0,0,0,0,0,0,2,2,0,2,0,2,2,2,2,2,0,0,0,2,0,0,2,2,0,2,0,2,2,2,0,2,2,0,2,2,0,2,0,2,0,2,2,2,0,0,2,2,0,0,2,0,2,0,2,2,0,2,2,2,2,2,2,0,2,2,2,2,2,0,0,2,0,2,2,2,0,2,2,0,0,2,0,2,0,2,0,2,2,2,2,0,2,2,0,2,0,2,0,0,2,0,0,2,2,2,2,0,2,0,2,2,0,0,2,2,2,2,0,2,2,2,2,2,0,2,2,0,0,0,0,2,0,2,0,0,0,0,2,0,2,2,2,2,0,0,0,2,0,0,2,0,2,0,0,0,0,2,2,0,2,0,0,0,0,2
"PLA-016",2,0,0,0,0,2,2,2,0,2,2,2,2,2,2,2,0,2,2,0,0,2,2,0,2,0,2,2,2,2,0,2,2,0,0,0,2,0,0,2,2,0,0,0,0,2,0,2,0,2,2,2,0,2,2,2,2,2,0,2,2,2,2,2,0,0,2,0,2,2,0,2,2,2,0,2,2,2,2,0,2,2,2,2,2,0,0,0,0,2,2,2,2,2,2,0,2,0,0,2,2,0,2,0,0,2,2,2,2,0,0,0,0,2,2,2,0,2,2,0,2,0,0,2,2,0,0,0,0,0,2,2,2,2,2,2,2,2,0,2,0,2,2,0,2,2,0,2,2,2,0,0,2,2,0,2,0,2,2,2,0,0,0,0,0,2,2,2,2,2,0,2,2,0,0,2,2,0,2,2,0,2,0,2,0,2,2,0,0,2,0,2,2,2,2,0,0,0,0,2
"PLA-017",0,0,2,2,2,0,2,2,0,2,2,2,0,2,2,2,2,2,2,2,0,2,2,0,2,2,2,2,0,2,0,2,0,0,0,0,2,2,2,2,2,2,2,0,0,2,0,2,0,2,2,2,2,0,0,2,2,2,0,2,2,2,2,2,2,2,2,0,2,2,0,0,0,2,2,2,2,2,2,2,2,2,2,2,2,2,0,0,2,2,0,2,2,2,2,0,2,0,2,2,2,2,0,0,2,2,0,2,2,2,0,2,0,2,2,2,0,2,2,2,2,2,2,0,2,2,0,2,0,0,0,2,0,0,2,2,2,0,0,2,0,2,2,0,2,2,2,2,2,2,0,2,2,2,2,2,0,2,0,2,0,0,0,0,0,2,2,2,0,2,0,0,2,2,0,2,0,0,2,0,2,2,0,2,0,0,2,0,0,0,0,2,0,0,2,0,0,2,0,2
"PLA-018",2,0,0,0,2,2,2,0,0,2,2,2,0,2,0,2,2,2,2,0,2,2,0,0,0,2,2,2,0,0,0,2,2,0,0,0,2,0,0,0,0,0,0,0,0,2,0,0,2,0,2,2,0,0,0,2,2,2,2,2,2,2,2,2,0,0,2,0,2,2,0,0,2,0,0,2,2,2,0,0,2,2,2,2,2,2,0,0,0,2,0,2,2,2,2,2,2,2,0,0,2,2,2,0,2,2,0,2,2,2,0,2,0,2,2,2,2,2,2,0,2,2,2,0,2,2,0,2,0,0,2,0,0,2,2,2,2,2,0,2,2,2,2,0,2,2,0,2,0,2,0,0,2,2,2,0,0,2,0,2,0,2,0,0,0,2,2,2,2,2,0,0,0,2,0,2,2,0,0,2,2,2,2,0,0,2,2,0,2,2,2,2,0,2,2,0,0,2,0,2
"PLA-019",2,0,2,0,2,2,2,2,2,2,2,2,2,2,2,2,2,2,2,2,0,0,0,0,2,0,2,0,0,2,0,2,2,2,2,2,0,0,0,0,0,0,2,0,0,2,0,2,2,2,2,2,2,0,2,2,2,2,0,2,2,0,2,2,2,2,2,0,2,0,0,2,0,0,2,2,2,2,0,2,2,2,2,2,2,2,2,0,2,2,0,0,2,2,2,0,2,2,2,2,2,2,2,0,0,2,2,2,0,2,0,2,2,0,2,2,0,2,2,0,2,0,2,2,2,2,2,2,0,0,0,2,2,2,2,2,0,2,0,0,2,0,2,0,2,0,0,2,2,0,0,2,2,2,0,2,2,2,0,2,2,0,0,0,0,2,2,2,2,2,0,0,0,0,2,2,0,0,0,0,2,0,0,0,0,2,2,0,2,0,0,2,2,2,2,0,2,0,2,2
"PLA-020",0,0,2,0,2,2,0,2,2,2,0,2,2,2,2,2,2,2,2,0,0,0,2,0,2,0,2,2,2,2,2,2,2,2,0,2,2,0,0,0,0,2,2,0,0,2,0,0,2,2,2,2,2,2,2,0,2,2,2,2,2,2,2,2,2,2,2,0,2,2,2,2,0,2,2,0,2,2,2,0,2,2,2,2,2,2,2,0,2,2,0,2,2,2,2,0,2,0,2,0,2,0,2,0,2,2,2,2,2,2,0,2,2,0,2,2,0,0,2,0,2,0,2,2,2,2,2,0,0,0,0,2,2,0,2,0,0,2,0,0,2,2,2,0,2,2,0,0,2,0,0,0,0,2,2,2,2,2,2,0,0,0,0,0,0,0,2,2,2,2,0,0,2,0,2,2,2,0,0,0,2,2,2,0,0,0,2,0,2,0,2,2,2,0,2,0,2,0,2,2
"PLA-021",0,0,2,0,2,2,2,2,0,2,0,2,2,2,2,2,2,2,2,0,2,0,2,0,2,2,2,2,2,2,0,2,2,0,0,0,0,0,0,2,2,2,2,0,0,2,0,2,2,2,2,2,2,0,0,2,2,2,0,0,2,0,2,2,2,2,2,0,2,2,2,2,0,0,2,0,2,2,0,0,0,0,2,0,2,2,2,0,2,2,0,2,2,2,2,0,2,2,0,2,2,2,2,0,2,2,0,2,0,2,0,2,2,0,2,0,0,2,2,0,2,0,2,2,2,0,0,2,0,0,0,0,2,2,2,2,2,0,0,0,2,0,2,0,2,2,0,0,2,0,0,2,2,2,0,2,2,2,2,0,2,0,0,2,0,0,0,2,0,2,0,0,2,2,2,2,2,0,0,2,0,2,2,0,0,0,2,0,2,0,2,2,0,0,2,0,2,0,2,2
"PLA-022",0,0,2,0,2,2,0,2,2,2,2,2,2,2,2,2,2,2,2,0,2,0,0,0,2,0,2,2,2,2,2,2,2,0,0,0,2,2,0,0,2,2,2,0,0,2,0,0,0,2,2,2,2,0,2,2,2,2,0,2,2,0,2,2,2,0,2,2,2,2,2,2,0,0,2,2,2,2,0,2,2,2,2,2,2,2,2,0,0,2,0,0,2,2,2,0,2,0,0,2,2,2,2,0,0,2,2,2,2,0,0,2,2,0,2,2,0,0,2,2,2,2,2,2,0,2,0,2,0,0,0,0,2,2,2,2,2,0,0,0,2,2,2,0,2,2,0,2,0,0,0,2,2,2,0,2,0,2,2,0,0,0,0,0,0,2,2,2,0,2,2,0,0,0,2,0,0,0,0,0,2,2,0,0,0,2,2,0,0,0,2,2,2,0,2,0,0,2,2,2
"PLA-023",0,0,2,0,2,2,2,2,0,2,2,0,2,2,2,0,2,2,2,0,0,0,2,0,2,0,2,2,0,2,0,2,2,2,0,2,2,0,0,2,0,0,2,0,0,2,0,2,0,0,2,2,2,0,2,2,2,2,0,2,0,2,2,2,0,0,2,0,2,2,0,2,0,0,0,0,2,0,2,2,2,0,2,2,2,2,2,2,0,2,0,2,2,2,2,0,2,2,0,0,2,0,0,2,0,0,2,2,2,2,0,2,2,0,2,2,0,2,0,0,2,2,2,2,0,2,0,2,0,0,0,2,2,0,2,2,0,2,0,2,2,0,2,2,2,2,0,0,2,0,0,2,0,2,0,2,2,2,0,2,0,0,0,0,0,2,0,2,2,2,2,2,2,0,2,2,2,0,2,0,2,2,0,0,0,2,2,0,2,0,2,2,2,0,2,0,0,0,0,2
"PLA-024",0,0,2,0,0,2,2,2,0,2,2,0,2,2,2,2,2,0,2,0,0,0,0,0,2,2,2,2,0,2,0,2,0,0,0,0,2,2,0,0,2,0,2,0,0,2,0,2,2,0,2,0,2,2,2,2,2,2,0,2,2,0,0,2,0,2,2,0,2,2,2,2,2,2,2,0,2,0,0,0,0,2,2,0,2,2,2,2,0,2,0,2,2,2,2,2,0,2,0,0,2,2,2,0,2,0,2,2,2,2,0,2,2,0,2,2,0,0,2,0,2,2,2,2,0,2,0,0,0,2,0,2,2,2,2,2,2,0,0,2,2,0,2,2,2,2,0,0,2,2,0,2,0,2,0,2,0,2,0,2,0,0,0,0,0,2,0,2,0,0,2,0,2,0,2,2,0,2,0,0,0,0,0,0,2,2,2,0,0,0,2,2,0,2,2,0,2,0,0,2
"PLA-025",0,0,0,2,2,2,2,2,0,2,2,2,2,2,2,2,2,0,2,0,0,0,2,0,2,2,2,2,2,2,0,2,0,2,0,0,0,0,0,0,2,2,2,0,0,2,2,2,2,0,2,2,2,2,2,2,2,2,0,2,0,0,2,2,0,0,2,0,0,0,2,2,0,2,0,2,2,2,0,0,2,2,2,2,2,2,2,0,2,2,0,2,2,2,2,2,2,0,0,2,2,2,2,0,2,2,2,2,2,2,0,2,2,0,2,2,0,2,0,0,2,2,2,2,0,2,2,2,0,2,0,0,2,0,0,0,2,2,2,2,2,0,2,0,2,0,0,2,2,0,0,0,2,2,0,2,2,2,0,2,0,2,0,0,0,2,2,0,0,0,0,2,0,0,2,2,0,0,2,0,0,2,0,0,0,0,2,2,2,0,2,2,0,0,2,0,2,0,0,2
"PLA-026",0,0,2,2,2,0,2,2,0,2,0,2,2,2,2,2,2,2,2,0,0,2,2,0,2,0,2,2,2,2,0,2,2,2,0,2,2,0,0,2,2,0,2,0,0,2,0,2,2,0,2,2,2,2,2,2,2,2,0,0,0,0,2,2,0,2,2,2,2,0,0,2,2,0,0,2,2,2,2,0,0,0,2,2,2,2,2,0,2,2,2,2,2,2,2,0,2,0,0,0,2,2,0,2,0,2,2,2,2,2,0,2,2,0,2,2,0,2,2,2,2,2,2,2,2,2,0,2,0,0,0,0,2,0,2,0,0,2,0,2,2,2,2,0,2,2,0,0,2,0,0,2,0,2,2,2,2,2,0,0,0,0,0,0,0,2,2,0,2,2,0,2,0,0,2,2,0,0,0,0,2,2,0,0,2,0,2,0,0,0,2,2,0,2,2,0,2,0,0,2
"PLA-027",0,0,2,2,2,0,2,0,2,2,2,2,0,2,2,0,2,2,2,2,2,0,0,0,2,2,2,2,2,2,0,2,2,0,2,2,2,0,0,2,2,0,0,0,0,2,2,0,2,2,2,0,2,0,2,2,2,2,0,2,2,0,2,2,0,0,2,0,2,2,0,0,0,2,0,2,2,2,0,2,0,2,0,0,2,0,2,0,0,2,0,0,2,2,2,0,2,0,2,2,2,0,0,0,0,2,2,2,2,2,0,0,2,0,0,0,0,0,2,2,2,0,2,2,2,0,2,0,0,0,0,2,0,2,2,2,2,2,0,2,0,2,2,0,2,2,0,2,2,2,0,0,2,2,2,2,2,2,0,2,0,0,0,2,0,2,2,2,2,0,0,2,2,0,0,2,2,2,0,0,0,0,0,0,2,0,2,0,0,2,0,2,2,2,2,2,0,2,0,0
"PLA-028",0,0,2,2,2,0,2,2,2,2,2,2,2,2,2,2,0,2,2,2,2,2,0,0,2,2,2,2,2,2,0,2,2,0,0,2,2,0,0,2,2,0,2,0,0,2,0,0,2,0,2,2,2,0,0,2,2,2,0,2,2,0,2,2,2,2,2,2,2,2,0,0,0,2,0,2,2,2,0,0,2,2,0,0,2,0,2,0,0,2,2,0,2,2,2,2,2,0,0,2,2,0,2,2,2,2,0,2,2,2,2,2,2,2,0,2,2,0,0,2,2,2,2,2,2,0,0,2,0,0,0,2,0,0,2,2,2,2,2,2,2,2,2,0,2,2,0,0,2,2,0,0,2,2,2,2,2,2,0,2,0,0,0,0,2,2,0,2,2,0,0,2,2,0,0,2,0,0,2,0,2,2,2,2,2,0,2,0,0,2,2,2,2,0,2,0,0,0,2,2
"PLA-029",0,0,0,0,0,0,2,0,0,2,2,2,0,2,0,0,2,2,2,0,0,2,0,0,2,2,2,2,0,2,0,2,2,2,2,2,2,0,2,2,2,2,0,2,0,2,2,2,2,0,2,2,2,2,0,2,2,2,0,2,2,0,2,2,2,2,2,0,2,2,0,2,0,0,0,2,2,2,0,2,2,2,0,0,2,0,2,0,0,2,2,0,0,2,0,0,2,2,0,0,2,2,2,2,0,2,2,2,2,2,2,2,0,0,0,0,2,2,2,2,0,0,0,2,2,2,0,0,0,0,0,0,0,0,2,0,0,2,0,2,2,2,0,0,2,0,0,2,0,2,0,0,0,2,2,2,2,2,0,2,0,0,2,0,0,2,2,2,0,0,0,0,0,2,2,2,2,2,2,0,2,2,0,0,2,2,2,0,0,2,0,2,2,0,2,0,0,0,0,0
"PLA-030",0,0,2,2,2,0,0,0,0,2,2,0,2,2,2,2,0,2,2,0,2,2,0,0,0,0,2,2,2,2,0,2,2,0,2,0,0,0,0,0,0,2,2,0,0,2,2,2,0,0,2,2,2,0,2,2,2,2,0,2,2,0,0,2,2,2,2,0,2,2,2,0,2,2,2,2,2,0,0,0,0,2,2,2,2,2,2,0,2,2,0,2,2,2,2,0,2,0,0,0,2,0,2,2,0,2,2,2,2,0,0,2,2,0,2,2,0,2,0,2,2,0,2,2,0,2,2,2,0,0,0,0,2,0,2,2,0,2,0,2,2,0,2,2,2,2,0,0,2,0,0,2,0,2,0,2,2,2,0,2,0,0,0,0,0,2,2,2,0,0,2,0,0,0,0,2,2,0,0,2,2,2,2,0,0,0,2,0,2,0,0,2,2,0,2,0,0,0,2,2
"PLA-031",0,0,2,2,2,0,0,0,0,2,0,0,2,2,0,2,2,2,2,0,0,2,2,0,2,0,2,2,0,2,0,2,2,0,2,0,0,0,0,0,2,2,2,0,0,2,2,0,2,0,2,2,0,0,2,2,2,2,0,0,0,0,2,2,2,0,2,0,2,0,2,0,0,2,2,2,2,0,2,0,2,0,2,2,2,2,2,0,2,2,2,2,2,0,2,0,2,0,0,2,2,2,0,2,0,0,2,2,2,2,0,2,0,0,2,2,0,0,2,0,2,0,0,2,0,0,0,2,0,0,0,0,0,0,2,0,2,0,0,0,2,0,0,2,2,2,2,2,2,0,0,2,0,2,0,2,2,2,0,2,0,2,0,2,0,2,2,0,0,2,2,0,2,2,2,2,0,0,0,0,0,2,2,0,2,2,2,0,0,2,2,2,0,0,2,0,0,0,2,2
"PLA-032",0,0,2,2,2,0,0,0,0,2,2,2,2,2,0,2,0,2,2,0,0,0,2,0,2,0,2,0,0,0,2,2,2,2,0,2,2,2,0,2,2,2,2,0,0,2,2,2,0,0,2,2,0,2,0,2,2,2,0,2,2,2,0,2,0,2,2,2,2,2,0,0,2,2,2,2,2,0,2,0,0,0,2,2,2,2,2,0,2,2,2,2,2,2,2,2,2,0,0,0,2,2,2,0,2,0,0,2,2,2,0,2,2,0,2,2,0,0,0,2,2,2,2,2,2,2,0,0,0,0,0,0,2,0,2,2,0,2,0,2,2,0,2,2,2,0,2,2,2,0,0,2,0,2,0,2,2,2,0,0,0,0,0,2,0,2,0,0,0,0,2,0,0,0,2,2,0,0,0,0,2,2,0,0,2,0,2,0,0,0,2,0,0,0,2,2,2,0,2,2
"PLA-033",2,0,0,2,0,0,2,2,0,2,2,0,2,2,2,2,2,2,2,0,0,0,2,0,2,2,2,2,2,2,0,2,2,2,0,0,0,2,0,2,2,0,2,0,0,2,0,0,2,2,2,0,0,0,0,0,2,2,0,0,2,0,2,2,0,2,2,0,0,2,0,2,2,2,2,2,2,2,0,0,2,0,2,2,2,2,0,2,2,2,2,0,2,2,0,2,2,0,2,0,2,0,2,0,2,2,2,2,0,2,0,2,0,0,0,2,2,0,0,0,2,2,0,2,2,2,2,2,2,0,0,0,0,0,2,2,2,2,0,0,2,2,2,2,0,2,0,2,2,2,0,0,0,2,2,2,0,2,0,2,0,0,0,0,0,2,0,2,2,2,0,0,2,2,0,0,0,0,0,2,2,2,2,0,0,2,2,0,0,0,0,2,2,0,2,0,0,2,0,2
"PLA-034",0,2,2,2,2,2,2,2,0,2,2,2,2,2,2,2,0,2,2,0,0,0,2,2,2,2,2,2,2,2,0,2,2,0,2,0,2,0,0,2,2,2,2,0,0,2,0,2,2,2,2,2,2,0,0,2,2,2,0,2,2,0,2,2,0,2,2,0,0,2,0,2,2,0,2,0,2,2,0,0,2,0,2,0,2,2,2,2,0,2,2,2,2,2,2,2,2,2,2,2,2,2,0,0,2,0,2,0,0,2,0,2,0,2,0,2,0,0,2,0,2,2,0,2,2,2,0,2,0,2,0,2,2,2,0,2,2,2,0,2,2,2,2,2,2,2,0,2,2,2,0,2,0,2,2,2,0,2,0,0,0,0,0,0,0,2,2,2,2,0,0,0,2,2,2,0,0,0,0,2,2,2,2,0,0,2,2,0,2,0,2,2,2,2,2,0,0,0,0,2
"PLA-035",0,0,2,0,0,0,2,2,0,2,2,0,2,2,2,2,0,2,2,0,2,2,0,0,0,2,2,2,2,2,2,2,2,0,2,0,2,0,2,2,2,2,2,2,0,2,0,2,2,0,2,0,0,0,0,0,2,2,0,2,2,2,2,2,0,2,2,0,2,2,0,2,0,2,0,0,2,2,0,0,2,2,2,0,2,2,0,2,0,2,2,0,2,2,2,0,2,2,0,2,2,2,0,2,2,2,2,2,2,0,0,2,0,0,2,2,0,2,0,2,2,2,2,2,0,0,2,0,0,2,0,2,0,0,2,2,0,2,2,2,2,2,2,0,2,2,0,0,0,2,0,2,2,2,2,2,0,2,2,2,0,2,2,0,2,2,0,0,0,2,2,2,2,2,2,0,2,2,0,0,0,2,2,0,0,0,2,2,2,0,2,0,2,2,2,2,0,0,0,2
"PLA-036",0,0,2,0,2,0,2,2,0,2,2,2,2,2,2,2,2,2,2,0,0,2,2,0,2,0,2,2,2,2,2,2,2,0,0,0,2,0,0,2,2,0,2,0,0,2,0,2,2,0,2,0,2,2,2,2,2,2,2,2,2,2,2,0,0,2,2,2,2,2,2,2,2,0,0,0,2,2,0,2,2,0,2,0,2,0,2,0,2,2,0,0,2,2,2,2,2,2,2,0,2,2,2,0,2,0,2,2,2,2,0,2,2,0,2,2,0,0,2,0,0,2,2,2,2,2,2,2,0,2,0,0,0,0,0,2,0,2,2,0,0,2,2,0,2,2,0,2,2,2,0,2,2,2,0,2,0,2,0,2,0,0,0,0,0,2,0,0,0,0,2,0,2,0,2,0,0,0,0,0,0,0,0,0,0,0,2,0,0,0,2,2,2,0,2,0,0,0,0,2
"PLA-037",2,0,2,0,0,0,0,2,0,2,0,2,2,2,2,0,2,2,2,0,2,2,2,0,0,2,2,2,2,2,2,2,0,0,2,0,2,0,0,2,2,0,2,2,0,2,0,2,2,0,2,0,2,2,0,2,2,2,0,2,2,2,2,2,0,2,2,0,0,2,0,2,2,0,2,2,2,2,0,2,2,2,2,2,2,0,2,0,2,2,2,0,2,2,0,0,2,2,0,0,2,0,2,0,2,0,2,2,0,2,0,2,2,0,2,2,0,2,0,2,2,2,0,2,2,0,2,0,0,0,0,2,0,2,2,2,0,2,0,0,2,2,2,0,0,2,0,0,0,2,0,2,2,2,0,2,0,2,0,2,0,0,0,0,2,2,0,2,0,0,2,2,2,2,2,2,2,2,2,0,2,0,0,0,0,0,2,0,2,0,2,0,0,0,2,0,0,0,0,0
"PLA-038",0,0,2,0,0,2,2,2,0,2,2,2,2,2,2,2,2,2,2,0,0,2,0,0,2,2,2,2,2,2,2,2,0,2,0,0,0,0,0,0,2,0,2,2,0,2,0,2,2,0,2,0,0,0,2,2,2,2,2,2,2,2,2,2,0,2,2,2,0,2,0,2,2,2,2,2,2,2,0,0,2,2,2,2,2,2,2,0,2,2,2,0,2,2,0,2,0,2,2,2,2,2,2,2,0,2,2,2,0,2,0,2,2,0,2,2,0,0,0,2,2,2,0,2,0,2,2,2,0,2,0,2,0,2,2,2,0,2,2,2,2,2,2,2,2,2,0,2,0,2,0,0,2,2,2,2,2,2,0,2,0,0,0,0,0,2,0,2,2,0,0,2,2,2,2,0,2,0,2,0,0,0,2,0,0,0,2,0,0,0,2,2,2,2,0,2,0,0,0,2
"PLA-039",0,0,2,2,2,0,0,2,0,2,2,0,2,2,2,2,2,0,2,0,0,2,2,0,0,2,2,0,2,2,0,2,2,2,0,2,2,0,0,0,2,0,2,0,0,2,2,2,2,0,2,0,0,2,0,2,2,2,0,2,2,2,2,2,0,2,2,0,2,2,0,2,2,0,2,0,2,2,2,2,2,0,2,0,2,2,2,0,0,2,0,0,2,2,2,0,2,0,0,2,2,0,2,0,0,2,2,0,0,0,0,2,2,2,2,0,0,0,2,0,0,2,0,2,2,0,0,2,0,0,0,0,0,0,2,2,0,0,0,0,2,0,2,0,2,0,0,0,0,2,0,2,2,2,2,2,2,2,0,0,0,0,0,2,0,2,2,2,2,0,0,0,0,0,2,0,0,0,2,2,2,2,2,0,0,0,2,0,2,0,0,2,0,0,0,0,0,2,2,2
"PLA-040",0,2,2,2,2,2,0,2,0,2,2,2,2,2,2,2,0,2,2,0,0,2,2,0,2,2,2,2,2,2,0,2,2,2,0,0,2,0,0,2,2,0,2,0,0,2,2,2,2,0,2,0,0,2,0,2,2,2,0,2,0,0,2,2,0,0,2,0,2,2,0,2,2,0,0,0,0,2,2,0,0,2,2,0,2,2,2,0,2,2,2,2,2,2,2,0,2,0,0,2,2,2,0,2,0,2,2,0,0,2,0,2,0,2,2,2,0,0,2,0,0,0,0,2,2,2,0,2,0,0,0,2,2,0,2,2,0,0,0,0,2,0,2,2,2,2,2,0,0,2,2,2,2,2,2,2,2,2,2,2,0,0,2,2,0,2,0,2,2,0,2,0,0,0,2,2,0,0,2,2,2,2,0,0,0,0,2,0,2,2,0,2,0,2,2,0,0,2,0,2
"PLA-041",0,0,0,2,2,0,2,2,0,2,2,2,0,2,2,2,2,2,2,0,2,0,2,2,2,2,2,2,2,2,0,0,0,0,0,0,0,0,0,2,2,0,0,2,2,2,2,2,2,0,2,0,2,2,2,2,2,0,0,2,0,0,2,2,0,0,2,0,2,2,0,2,2,2,2,2,2,2,0,2,2,0,2,0,2,0,2,0,0,2,2,2,2,2,2,2,0,0,0,0,2,2,2,0,0,2,2,2,2,2,0,2,2,0,2,2,0,2,2,2,0,2,0,2,0,0,2,0,0,2,0,2,0,2,2,2,0,2,0,2,2,2,2,0,2,2,2,2,2,0,0,0,2,2,2,2,2,2,0,2,0,0,0,0,2,2,0,2,0,0,2,0,2,2,2,2,0,2,2,2,2,0,2,0,2,0,2,0,0,0,2,2,0,0,2,0,0,0,0,2
"PLA-042",0,0,2,2,2,0,0,2,2,2,2,2,2,2,2,0,2,2,2,0,0,2,2,2,2,2,2,2,2,2,0,2,2,0,0,0,2,0,0,0,2,0,0,0,0,2,0,2,2,2,2,0,2,0,0,2,2,0,0,2,2,2,0,2,0,2,2,0,2,2,2,2,2,0,2,0,2,2,0,0,2,0,2,2,0,0,2,0,2,2,0,2,2,2,0,0,2,0,2,2,2,2,0,2,0,0,0,2,2,2,0,2,2,2,2,2,0,0,0,2,0,2,2,2,0,2,2,0,0,2,0,2,0,2,2,2,0,2,0,2,0,2,2,0,2,2,2,2,0,0,0,2,2,2,2,2,2,2,0,0,0,0,0,2,2,2,2,2,0,0,2,0,0,2,2,2,2,2,2,0,2,0,2,0,0,0,2,0,2,0,2,2,0,0,2,0,0,0,0,0
"PLA-043",0,0,0,2,2,0,0,2,0,2,2,2,2,2,2,0,2,2,2,0,2,2,2,0,2,2,2,2,2,2,2,2,2,2,0,0,0,0,0,0,2,2,2,2,2,2,2,0,0,2,2,0,2,2,2,2,2,0,2,2,2,0,2,2,0,0,2,0,2,2,0,2,2,0,0,2,2,2,2,0,2,0,2,2,0,2,2,0,0,2,2,2,2,2,0,2,2,0,2,0,2,2,2,2,2,2,2,2,2,2,0,0,2,2,2,0,0,0,0,2,2,2,2,2,2,2,2,2,0,2,0,2,2,2,2,2,0,2,0,2,2,0,0,2,2,2,2,2,2,2,0,2,2,2,2,2,0,0,0,2,2,0,2,0,2,2,0,2,0,0,2,0,0,2,2,2,0,0,2,0,0,0,2,2,0,0,2,0,0,0,2,2,0,2,2,0,0,0,0,2
"PLA-044",0,0,0,2,2,0,0,2,0,2,2,2,2,2,2,0,2,2,2,0,2,2,2,0,2,2,2,2,2,2,2,2,0,2,0,0,0,2,0,2,2,0,2,0,0,2,2,0,0,2,2,0,2,2,2,2,2,2,0,2,2,0,2,2,0,2,2,0,0,2,0,2,2,2,0,0,2,2,0,0,2,2,2,2,0,2,2,0,0,2,0,2,2,2,2,2,2,2,0,2,2,2,2,2,0,0,2,2,2,0,0,2,2,2,2,2,0,0,0,0,2,2,2,2,2,0,2,2,0,2,0,0,0,0,2,0,0,2,2,2,0,2,0,0,2,2,0,0,2,0,0,2,2,2,2,2,0,2,0,2,2,0,0,0,2,2,0,2,0,0,2,0,2,2,2,0,0,0,0,0,2,0,2,2,0,2,2,0,2,0,2,2,0,0,2,0,0,0,0,0
"PLA-045",2,0,0,2,0,2,2,2,0,2,2,0,2,2,2,2,2,2,2,0,0,0,2,0,0,0,2,2,2,2,0,2,2,2,0,0,2,0,0,0,2,0,2,0,0,2,2,2,0,2,2,0,2,0,0,2,2,2,0,2,2,2,2,2,0,0,2,2,2,2,2,2,2,2,0,0,2,0,2,2,0,0,2,0,2,2,2,0,2,2,0,0,2,2,2,0,2,2,2,0,2,2,2,0,0,2,2,2,2,2,0,0,2,2,2,2,0,2,2,0,0,0,0,0,2,2,0,0,0,0,2,2,2,2,2,2,2,0,0,2,2,2,2,2,2,2,2,2,2,2,0,2,2,2,2,2,2,2,2,0,0,0,2,2,0,2,2,2,2,0,0,0,0,0,2,2,0,0,2,2,2,2,0,0,0,0,2,0,2,2,2,2,0,0,2,0,2,2,0,2
"PLA-046",2,0,2,2,2,0,0,2,0,2,2,2,2,2,2,2,2,0,2,0,0,0,0,0,0,2,2,2,0,2,0,2,0,0,0,0,0,0,0,2,0,2,2,0,0,2,2,2,0,0,2,2,0,0,2,2,2,2,0,2,0,0,2,2,0,2,2,2,2,2,0,2,2,2,2,2,2,0,2,2,0,0,2,2,2,0,2,0,0,2,0,2,2,2,2,0,2,0,2,2,2,0,2,2,0,2,2,2,2,2,0,0,0,2,2,2,0,2,2,0,0,2,2,0,2,2,0,2,0,0,0,2,2,0,2,2,0,0,0,2,2,2,2,0,2,2,2,2,2,2,0,2,0,2,0,2,0,2,0,2,0,0,0,2,0,2,0,2,2,0,2,2,0,0,0,2,0,0,0,2,2,2,0,0,0,0,2,0,2,0,2,2,2,0,2,0,2,2,0,2
"PLA-047",0,0,2,0,0,2,2,2,0,2,2,2,0,2,2,2,0,2,2,0,0,0,0,0,2,2,2,2,2,2,0,2,0,0,0,2,2,2,0,2,2,0,2,0,0,2,0,2,2,0,2,0,2,2,2,2,2,2,2,2,2,2,2,2,0,2,2,0,2,2,2,2,0,0,2,0,2,2,0,2,2,2,2,2,2,0,2,0,0,2,2,2,2,2,0,0,2,0,0,0,2,2,2,0,0,2,2,2,0,0,0,2,0,0,2,2,0,2,0,0,0,2,0,2,2,0,0,0,0,0,0,2,0,0,2,2,0,0,0,2,2,0,2,0,0,2,0,0,0,2,0,0,2,2,2,2,2,2,0,2,0,0,0,2,2,2,2,2,2,2,2,0,2,2,2,0,0,2,2,0,0,0,2,2,0,2,2,0,2,0,2,2,0,0,0,0,0,0,0,2
"PLA-048",2,0,0,2,0,2,0,2,0,2,2,2,2,2,2,2,2,2,2,0,0,2,2,0,2,0,2,2,2,2,2,2,0,0,0,2,2,2,0,0,2,0,2,0,0,2,0,2,0,0,2,2,2,2,2,2,2,2,0,2,2,0,2,2,0,2,2,0,2,2,2,2,2,0,2,0,2,2,2,2,2,2,2,0,2,2,2,0,0,2,2,2,2,2,0,2,2,2,2,0,2,2,2,0,0,2,2,2,0,2,0,2,2,0,2,0,0,2,2,0,0,2,2,2,0,0,0,2,0,0,0,0,0,2,2,0,2,0,0,2,0,2,2,2,2,2,0,2,0,2,2,2,2,2,0,2,2,2,0,0,0,0,0,0,2,2,0,2,0,2,0,2,2,2,2,2,0,2,0,0,0,0,2,0,0,2,2,0,2,0,2,2,2,2,0,0,0,2,0,2
"PLA-049",2,2,2,2,2,2,0,2,0,2,2,0,2,2,2,0,2,2,2,0,0,2,2,0,0,2,2,2,2,2,0,2,2,0,0,0,2,0,0,2,2,0,2,0,0,2,2,2,2,0,2,2,0,2,0,2,2,2,0,2,2,0,0,2,0,2,2,0,2,2,0,2,0,0,2,0,2,2,0,2,2,2,2,0,2,0,0,0,2,2,2,0,2,2,2,0,2,2,0,0,2,0,2,0,2,2,2,2,0,0,0,2,2,0,2,0,0,0,2,0,2,2,0,2,2,0,0,2,0,0,0,0,0,0,2,0,0,0,0,0,2,0,2,2,0,0,0,2,0,2,0,2,2,2,2,2,0,2,0,2,0,0,2,2,0,2,2,2,2,0,2,2,2,2,2,2,0,0,0,0,0,2,0,0,0,0,2,0,0,0,2,0,0,0,2,0,0,0,2,0
"PLA-050",2,0,2,0,0,2,0,2,0,2,0,0,2,2,2,2,0,2,2,0,0,0,2,0,0,0,2,2,2,2,2,2,2,0,0,0,2,2,0,2,2,0,2,0,0,2,0,2,2,0,2,0,0,2,0,2,2,2,0,2,2,0,2,2,0,2,2,0,2,2,0,2,2,0,0,2,2,2,2,2,2,0,2,0,2,2,2,0,2,2,2,2,2,2,2,2,2,0,0,2,2,0,2,0,2,2,2,0,0,0,0,2,0,0,2,2,0,0,2,0,2,2,0,2,2,2,0,2,0,0,0,0,0,0,2,2,2,2,0,0,2,2,0,0,2,0,0,2,0,0,2,2,2,2,0,2,2,2,2,0,0,2,2,2,0,0,0,2,2,0,2,0,0,2,2,2,0,0,0,0,0,0,0,2,0,0,2,0,0,2,2,2,0,2,2,0,0,0,0,0
"PLA-051",2,0,2,0,2,2,2,2,0,2,2,2,2,2,2,2,2,2,2,0,2,0,2,0,2,2,2,2,2,2,2,0,0,0,0,2,0,0,0,2,2,0,2,0,0,2,2,2,2,0,2,0,0,2,2,2,2,2,0,2,2,2,2,2,0,2,2,0,2,2,0,2,2,0,0,2,2,2,2,2,2,2,2,2,2,2,2,0,2,2,2,2,2,2,2,2,2,0,0,2,2,2,2,0,0,2,2,0,2,2,0,2,2,2,2,2,0,0,2,0,2,2,0,2,0,0,0,2,0,0,0,0,0,0,2,0,2,2,0,0,2,0,0,2,0,2,0,2,0,2,2,2,2,2,0,2,2,2,2,2,0,0,2,2,0,2,2,0,2,0,2,2,2,0,2,2,0,0,0,0,0,2,2,0,0,0,2,2,2,2,2,2,0,2,2,2,0,0,2,2
"PLA-052",0,0,0,2,2,0,0,2,0,2,2,2,2,2,2,2,2,2,2,0,0,2,2,0,0,0,2,2,2,2,0,2,2,0,0,0,2,0,0,2,2,2,0,2,0,2,0,2,2,0,2,2,0,2,0,2,2,2,2,2,2,0,2,2,0,2,2,0,2,2,0,2,2,2,2,2,2,2,2,0,2,0,2,2,2,0,2,0,2,2,2,2,2,2,2,2,2,0,2,0,2,2,2,0,0,2,2,0,0,2,0,2,2,0,2,2,0,0,2,0,2,2,0,2,2,2,2,2,0,0,0,0,0,0,2,2,0,2,0,0,2,2,2,0,0,0,0,2,0,2,0,2,2,2,2,2,2,2,2,2,0,2,0,2,0,0,2,0,0,0,0,2,2,0,2,2,0,0,0,0,2,0,0,0,0,0,2,0,0,2,2,0,0,2,2,0,0,0,0,2
"PLA-053",2,2,2,2,2,2,2,2,2,2,2,2,2,2,2,0,0,2,2,0,0,0,0,0,2,2,2,0,0,2,0,0,2,2,2,2,2,0,0,2,2,0,2,2,0,2,2,2,2,0,2,0,0,2,0,0,2,2,2,0,2,0,0,2,0,2,2,0,2,2,2,2,0,0,0,2,2,2,2,2,2,0,0,0,2,2,2,0,2,2,0,2,2,2,2,0,2,0,0,2,2,2,0,2,0,2,2,0,0,2,0,2,0,2,0,2,0,0,2,0,2,2,2,2,2,0,2,2,0,0,0,0,0,0,2,0,2,2,2,2,2,2,0,0,2,0,0,2,2,2,2,2,2,2,2,2,2,2,2,2,0,0,0,2,2,2,0,2,0,2,0,0,0,0,2,2,0,2,0,0,2,2,0,2,0,0,2,0,2,0,2,2,0,2,2,2,0,2,2,0
"PLA-054",0,2,2,2,2,0,2,2,0,2,2,2,2,2,2,0,0,2,2,0,2,2,2,0,2,2,2,0,2,2,0,2,2,0,0,0,2,0,2,2,2,2,2,0,0,2,2,2,2,0,2,0,2,2,0,2,2,2,0,2,2,0,2,2,0,2,2,2,2,2,0,2,0,0,0,2,2,2,2,2,2,2,2,0,2,2,2,0,0,2,2,0,2,2,2,2,2,2,0,2,2,2,2,0,0,2,2,2,0,2,2,2,2,0,0,2,0,0,2,0,0,2,0,2,2,2,0,2,0,0,0,0,0,2,2,2,0,2,0,2,2,2,2,0,2,2,0,2,2,2,2,2,2,2,2,2,2,2,0,2,0,0,2,0,2,2,2,0,2,0,0,0,2,0,0,0,0,0,0,0,2,2,2,0,0,0,2,0,2,2,2,2,0,0,0,0,0,2,2,0
"PLA-055",0,0,2,2,0,2,0,2,2,2,2,0,2,2,2,2,2,2,2,0,0,0,2,0,2,2,2,2,2,2,2,2,2,0,2,0,2,2,0,2,0,0,2,0,0,2,2,2,2,2,2,0,2,0,2,2,2,2,0,2,2,0,2,2,0,0,2,0,2,2,0,2,2,2,2,0,0,2,2,2,0,2,2,2,2,2,0,2,0,2,2,2,2,0,2,0,2,0,0,0,2,0,2,0,2,2,2,2,0,0,0,0,2,2,2,2,0,2,0,0,2,2,0,2,2,2,0,2,0,2,0,2,0,2,2,0,2,2,0,2,2,2,2,0,2,2,0,2,0,2,0,2,0,2,2,2,0,2,2,2,0,0,2,0,2,2,2,2,2,0,2,0,0,2,2,0,0,2,0,2,2,2,2,2,2,0,0,0,2,0,2,2,0,2,2,0,0,2,0,2
"PLA-056",2,0,0,2,0,2,2,2,2,2,2,0,2,2,2,2,2,2,2,0,0,0,2,2,2,2,2,2,2,2,0,2,0,0,0,2,2,0,0,0,2,2,2,0,2,2,2,2,2,2,2,0,0,0,2,0,2,2,0,2,2,0,2,2,2,0,2,0,2,2,2,2,2,0,0,2,0,2,2,0,0,2,2,2,2,2,2,2,2,2,2,0,2,0,2,2,2,0,0,2,2,0,2,0,2,2,2,0,2,0,0,2,0,0,2,2,0,2,0,0,2,2,2,2,0,2,0,2,0,2,2,2,0,0,2,0,2,2,0,2,0,0,2,2,2,2,0,2,2,2,0,2,2,2,0,2,0,2,2,2,0,0,0,0,2,2,2,2,2,0,2,0,2,0,2,2,0,0,0,2,0,0,2,2,0,0,0,0,0,0,0,2,2,0,0,0,0,0,0,2
"PLA-057",0,0,0,2,2,2,2,2,0,2,2,0,2,2,2,2,2,2,2,0,2,0,0,2,2,0,2,2,2,2,0,2,2,2,0,0,0,2,0,2,0,0,2,0,0,2,0,2,2,2,2,2,2,2,2,2,2,2,0,2,2,2,2,2,0,0,2,0,2,2,2,2,0,2,2,0,2,0,0,0,2,0,2,2,2,0,2,0,2,2,0,2,2,2,2,0,2,0,0,2,2,2,0,0,2,0,2,2,2,2,0,0,2,2,2,2,0,0,0,2,0,0,2,2,2,0,2,2,0,2,0,2,2,2,2,2,0,2,0,0,2,0,2,2,2,2,0,2,2,0,0,2,0,2,0,2,0,0,0,2,0,0,2,0,0,2,2,2,0,0,0,2,0,2,2,2,0,0,0,2,0,2,2,0,0,0,2,0,0,0,2,2,0,0,2,0,0,0,2,2
"PLA-058",0,0,2,0,2,2,2,2,0,2,2,0,2,2,2,0,2,2,2,0,2,2,0,0,2,2,2,0,2,2,0,2,2,0,0,2,2,2,0,2,2,2,2,0,0,2,2,2,0,2,2,2,0,2,2,2,2,2,0,2,2,0,2,2,0,0,2,2,2,2,2,2,2,2,0,0,2,0,2,0,0,0,2,2,2,0,2,0,2,2,0,2,2,2,2,2,2,0,0,0,2,2,2,0,2,2,0,2,2,2,0,2,2,0,2,0,0,0,0,2,2,2,2,2,0,2,2,2,0,0,0,0,2,0,2,0,2,2,0,2,2,0,2,0,2,2,0,0,2,0,0,2,2,2,2,2,2,2,2,0,0,0,0,2,0,2,0,2,0,0,0,0,0,2,2,2,0,0,0,2,2,2,0,2,0,0,2,0,0,0,2,2,0,0,2,0,2,0,2,2
"PLA-059",0,0,2,0,2,2,2,2,0,2,0,2,2,2,2,2,2,2,2,0,2,2,2,2,2,2,2,2,2,2,0,2,2,0,0,2,0,0,0,2,2,2,2,0,0,2,2,2,0,2,2,2,0,2,2,2,2,2,0,2,2,2,0,2,2,2,2,2,2,0,2,2,0,2,2,0,2,0,2,0,2,2,2,2,2,2,2,0,2,2,0,2,2,2,2,0,2,0,0,0,2,0,2,0,0,2,2,2,2,2,0,2,2,0,2,2,0,2,0,0,2,2,2,2,0,2,2,2,0,0,0,0,2,2,2,0,0,2,0,2,2,0,0,0,2,0,0,2,2,2,0,2,2,2,0,2,2,2,0,2,0,0,0,0,0,2,2,2,0,2,2,0,0,0,2,2,0,0,2,0,2,0,2,0,0,0,2,0,0,0,2,2,0,0,2,0,0,0,2,2
"PLA-060",0,0,0,0,2,2,0,2,0,2,2,2,2,2,2,2,2,2,2,0,0,2,0,0,2,2,2,0,2,2,0,2,2,2,0,0,2,2,0,0,2,2,2,0,0,2,0,0,0,2,2,0,2,0,2,2,2,2,0,2,0,0,0,2,0,2,2,0,2,2,2,2,2,2,0,0,2,0,0,0,2,2,2,2,2,2,2,0,2,2,0,2,2,2,0,0,2,0,0,0,2,0,2,0,2,0,2,2,2,2,0,2,2,0,2,2,0,2,0,0,2,0,2,2,0,2,0,0,0,2,0,2,2,0,2,2,2,2,2,2,2,2,2,0,2,0,0,0,2,0,0,2,0,2,0,2,2,2,2,2,0,2,0,0,0,2,0,2,0,0,2,0,0,2,2,2,2,0,0,0,0,0,2,0,2,2,2,0,0,0,2,2,2,0,2,0,0,0,0,2
"PLB-001",0,2,2,0,2,0,2,2,2,2,0,2,2,2,2,2,2,0,0,0,0,0,2,2,0,0,2,0,2,2,0,0,2,0,2,0,2,0,2,2,2,0,0,0,0,2,2,2,0,2,0,0,0,2,0,2,0,0,0,0,2,2,2,2,0,2,0,0,0,2,0,2,0,2,2,0,2,2,0,0,0,0,2,2,2,2,2,2,0,2,2,0,0,2,2,2,0,0,0,0,2,0,0,2,0,2,2,0,0,0,2,2,0,2,0,0,0,0,0,0,2,2,0,0,2,0,2,2,0,0,0,0,0,2,2,2,0,0,2,2,0,2,0,0,0,0,0,0,2,2,2,0,2,0,2,0,0,2,0,2,0,0,0,0,2,2,0,0,2,0,0,0,0,0,2,2,0,2,2,2,0,0,0,2,0,2,2,0,0,2,2,2,0,2,2,0,0,0,0,0
"PLB-002",0,0,0,0,2,0,0,2,0,0,0,2,2,0,2,0,2,2,0,0,0,2,2,0,2,0,0,2,0,0,0,2,2,0,2,2,2,0,2,2,2,0,0,2,0,0,2,2,2,2,0,0,0,0,0,2,2,0,0,2,2,2,2,2,0,2,0,0,0,0,0,2,0,0,2,0,0,2,2,0,2,0,2,2,2,2,2,0,0,2,2,2,2,2,2,0,0,0,0,0,0,0,2,0,2,0,2,0,0,0,0,2,0,0,2,2,0,0,0,0,2,2,0,0,2,0,0,2,0,0,0,0,0,0,2,2,0,2,0,2,0,2,0,2,2,0,0,0,2,2,2,0,2,0,2,2,0,2,0,2,0,2,2,0,2,0,0,0,2,0,0,2,0,2,2,0,2,2,2,2,0,2,0,2,2,2,0,0,0,0,2,2,0,0,2,0,0,0,0,0
"PLB-003",2,0,2,2,2,0,0,2,0,0,2,2,2,2,2,2,2,2,0,0,2,0,0,0,2,0,0,2,0,2,0,0,2,2,0,2,2,0,0,2,0,0,0,0,0,0,0,2,2,2,2,0,2,0,0,2,2,0,0,0,2,0,2,0,0,0,0,2,0,0,0,2,0,0,2,0,2,2,0,0,2,0,0,2,2,0,2,2,0,0,2,0,0,2,2,2,2,2,2,0,0,0,0,2,2,2,2,2,0,0,0,2,0,0,0,0,0,0,0,0,2,0,0,0,2,0,0,0,0,0,0,0,0,0,2,2,0,2,2,2,2,0,0,0,2,0,0,2,2,0,0,0,0,2,2,0,0,2,0,2,0,0,0,0,2,2,0,0,2,0,2,0,0,0,2,2,0,0,0,2,2,0,0,2,2,2,0,0,0,0,2,0,0,0,0,0,0,0,0,0
"PLB-004",2,0,2,2,2,0,2,2,2,2,0,2,0,0,2,2,2,2,0,0,0,2,0,2,2,0,0,0,0,0,0,2,2,0,2,0,2,0,2,2,0,0,0,2,0,2,0,2,2,2,2,0,2,2,0,0,2,0,0,0,2,2,2,2,0,2,0,2,0,0,2,2,0,0,2,0,2,0,0,0,2,0,0,2,2,0,2,2,0,2,0,0,2,2,2,0,2,2,2,0,0,0,2,2,2,2,2,0,0,0,0,2,0,0,2,0,0,0,0,0,2,2,0,2,2,0,0,2,0,0,0,0,0,2,2,2,0,2,0,2,2,0,0,2,0,0,0,0,2,0,0,2,2,2,0,0,0,2,0,2,0,0,0,0,0,0,2,2,2,2,0,0,0,0,2,0,2,0,0,0,0,0,0,0,2,0,2,0,0,2,2,2,0,2,2,0,0,2,0,0
"PLB-005",2,0,2,2,2,2,0,0,2,0,2,2,2,2,2,2,0,2,0,2,2,0,0,0,2,0,0,2,2,2,0,0,2,2,0,0,2,0,0,0,2,0,0,0,0,0,0,2,2,2,2,0,0,2,0,2,2,2,0,2,2,2,2,2,0,0,0,0,2,0,0,2,0,0,2,0,2,2,2,0,2,0,0,2,2,2,0,2,0,2,0,0,2,2,2,2,2,0,2,0,2,0,2,0,2,2,2,2,0,0,0,2,2,0,0,0,0,0,2,2,2,2,0,0,2,0,2,0,0,0,0,0,0,0,2,2,0,2,0,0,0,2,0,0,0,2,0,0,2,2,2,2,2,0,2,0,0,2,0,2,0,0,2,0,2,2,2,0,0,2,2,0,0,2,2,0,0,0,0,0,0,2,0,0,0,0,2,0,0,0,2,2,0,0,2,0,2,0,2,0
"PLB-006",2,0,2,2,2,2,0,2,2,2,2,2,2,0,2,2,2,2,0,2,2,0,2,0,0,0,0,2,2,2,0,2,0,2,0,2,2,0,0,0,2,0,0,0,0,2,2,2,0,2,2,0,0,2,0,2,0,0,0,2,2,0,0,2,0,2,0,0,0,2,0,2,0,0,2,2,2,0,2,2,2,0,2,2,2,2,0,0,0,2,2,2,0,2,2,0,2,2,2,2,2,0,0,0,0,2,2,2,0,0,0,2,2,0,2,0,0,0,2,0,2,2,0,0,2,0,2,0,2,2,0,0,0,2,2,2,0,2,0,0,0,2,0,2,2,2,0,0,2,2,2,2,0,2,0,2,0,2,0,2,0,0,0,0,0,2,0,0,2,0,2,0,0,0,2,0,0,2,0,2,0,0,0,2,2,0,0,0,2,0,2,2,2,0,2,0,0,0,2,0
"PLB-007",0,0,2,0,2,0,2,2,0,2,0,2,2,2,0,2,2,0,0,0,2,0,2,0,2,0,0,2,0,2,0,2,2,0,0,0,2,0,0,2,0,0,0,0,0,0,0,0,2,2,0,0,2,0,0,2,2,0,0,2,0,2,2,0,0,2,0,0,2,2,2,2,0,2,2,0,2,0,2,2,2,0,2,0,2,0,2,2,0,2,0,2,0,2,2,0,2,2,0,0,2,0,0,2,2,0,2,0,0,0,0,2,2,0,2,0,0,0,0,0,2,2,0,0,2,0,0,0,2,0,0,0,0,0,2,2,0,2,2,2,0,2,0,0,2,2,0,0,0,0,2,0,0,0,0,0,0,2,0,0,0,0,2,0,0,2,2,0,0,2,0,2,0,2,2,2,0,2,2,2,2,0,0,0,2,2,2,0,0,0,2,2,0,2,0,0,0,0,0,0
"PLB-008",0,0,2,0,0,0,2,2,0,2,0,2,2,2,0,2,0,2,0,0,2,0,2,0,2,0,0,2,0,2,0,2,2,0,0,0,2,0,0,2,0,0,2,0,0,2,2,0,2,2,0,0,2,2,0,2,0,0,0,2,2,0,2,2,0,2,0,0,0,2,2,2,0,0,0,2,2,2,2,2,2,0,0,2,2,2,0,0,2,2,2,0,0,2,2,0,2,2,0,0,2,0,2,0,2,2,0,0,0,0,0,2,0,0,2,0,0,0,0,0,2,2,2,0,2,0,0,0,2,0,0,0,0,0,0,2,0,2,2,0,0,0,2,2,0,2,0,2,0,0,0,0,0,0,2,2,0,2,0,2,0,0,0,0,0,2,0,0,0,0,2,0,0,0,2,2,0,2,2,2,2,0,0,0,0,2,2,0,0,2,2,2,0,0,2,2,2,0,0,2
"PLB-009",2,0,2,0,2,0,2,2,0,0,0,0,2,0,2,2,2,2,0,0,0,2,2,0,2,0,0,2,0,2,0,2,2,0,2,0,2,0,0,2,2,0,0,0,0,0,2,2,2,2,2,0,0,0,0,2,0,0,0,2,2,2,2,0,2,2,0,0,2,0,2,0,0,0,2,2,2,2,0,2,2,0,0,0,2,2,0,0,2,0,2,2,0,2,2,0,2,2,0,0,2,0,2,0,2,2,2,0,0,0,0,2,2,0,2,0,0,0,0,0,0,0,2,2,2,0,2,2,0,0,0,0,2,2,2,2,0,2,0,2,2,2,0,0,0,2,0,0,0,2,0,2,0,2,0,0,0,2,0,0,0,0,0,2,0,2,2,0,2,2,2,2,0,2,0,2,0,2,2,0,0,0,0,0,2,2,2,0,0,0,2,0,0,0,2,0,0,2,0,2
"PLB-010",0,0,0,2,2,0,0,2,0,2,2,0,2,0,2,2,2,2,0,0,0,0,2,0,2,0,0,2,0,2,2,2,2,0,0,2,2,0,0,2,0,0,0,0,2,2,2,2,2,0,0,0,0,2,0,2,0,0,0,2,2,0,2,2,0,0,0,2,2,2,2,0,0,0,2,0,2,2,0,2,2,2,2,2,2,2,0,0,0,0,2,0,2,0,2,0,2,2,2,0,0,0,2,2,2,2,0,0,0,0,0,0,0,0,0,0,0,0,2,2,2,0,0,2,2,0,0,2,0,0,0,0,0,2,0,0,0,0,2,2,2,0,0,0,2,2,2,0,2,2,0,2,0,0,0,0,0,2,0,2,0,0,2,0,0,2,0,2,2,0,0,0,0,2,2,2,0,0,0,2,2,0,0,0,0,2,2,0,2,2,0,0,0,2,0,2,0,0,0,0
"PLB-011",2,0,0,0,2,0,0,2,0,2,0,2,2,0,2,2,0,0,0,2,2,2,2,2,2,2,0,2,0,2,0,2,2,0,0,0,2,0,0,2,2,0,0,0,0,2,2,2,2,0,2,0,0,2,0,2,2,0,0,2,2,2,2,2,0,2,2,0,0,2,0,2,0,0,2,0,2,2,0,2,2,2,2,2,2,2,0,0,0,0,2,2,0,2,2,2,2,2,2,0,0,0,0,2,0,0,2,0,0,0,0,2,0,0,0,2,2,0,2,2,2,2,0,0,2,0,0,2,0,0,0,0,0,0,2,2,0,2,2,0,0,2,0,0,2,2,2,0,2,2,0,2,0,2,2,0,0,2,0,2,0,0,2,0,0,2,0,2,2,0,0,0,0,2,0,0,0,0,0,2,0,2,0,0,0,2,2,0,0,2,2,2,0,2,0,2,0,0,0,2
"PLB-012",2,0,0,0,2,0,2,2,0,2,0,2,2,2,2,2,2,0,0,2,0,0,2,0,0,0,0,2,0,2,0,0,2,0,2,0,2,0,0,2,0,0,0,0,2,0,2,2,2,0,2,0,0,2,0,2,2,0,0,2,2,2,2,2,2,0,0,2,2,0,2,0,0,2,2,2,2,2,0,2,2,0,0,0,2,0,0,0,0,0,2,2,2,2,2,0,2,2,2,0,0,0,0,0,0,2,0,0,0,0,0,2,0,0,2,2,0,0,2,0,0,0,0,0,2,0,0,0,0,2,0,0,0,0,0,0,0,2,0,2,2,2,0,2,2,2,2,2,2,2,2,2,2,0,2,2,0,0,0,2,0,0,2,0,0,2,2,2,2,0,0,2,0,2,2,0,0,2,0,2,2,0,0,0,0,2,2,0,0,2,2,0,0,0,2,0,0,0,0,2
"PLB-013",0,0,2,0,2,0,2,2,0,2,2,2,2,0,2,2,0,2,2,2,0,0,2,0,2,2,0,2,0,2,2,0,2,0,0,0,2,0,0,2,2,0,0,0,0,2,2,2,2,0,0,0,0,2,0,2,2,2,0,2,2,0,2,0,2,2,2,0,0,0,2,2,0,0,2,2,0,0,0,2,2,0,2,0,2,2,0,0,0,2,2,0,0,0,0,0,2,2,2,0,2,0,2,2,2,0,2,0,0,0,0,0,2,0,0,0,0,0,2,0,2,2,0,0,2,0,0,2,0,2,0,0,0,2,0,0,0,2,2,2,2,0,0,0,0,2,2,0,2,2,2,2,2,0,2,0,0,2,0,2,0,0,0,0,0,2,0,2,2,2,0,0,0,2,2,0,0,0,0,2,0,2,0,0,2,0,2,0,2,2,2,0,0,2,0,0,0,0,0,2
"PLB-014",2,0,0,2,2,0,0,2,0,2,0,2,2,2,2,2,2,2,0,0,0,0,2,0,2,0,2,2,0,2,0,0,2,2,0,0,2,0,0,2,2,0,0,0,0,2,2,0,0,0,2,0,0,0,0,2,2,0,0,2,2,2,2,2,0,0,0,0,0,2,0,2,0,2,2,2,2,2,0,0,2,0,2,2,2,2,2,0,0,2,2,2,2,2,2,2,2,2,0,2,2,0,2,2,2,0,2,2,0,0,0,2,0,0,0,0,2,0,0,0,2,2,0,0,2,0,0,2,0,0,0,2,2,2,2,2,0,0,0,2,2,2,0,2,0,2,0,0,2,0,2,2,0,0,2,0,0,2,0,2,0,2,2,0,2,2,0,0,2,0,0,0,0,2,0,2,0,0,2,2,0,2,0,2,2,0,2,0,0,0,2,2,0,0,0,0,0,0,0,0
"PLB-015",0,0,2,0,2,0,2,2,0,0,2,2,2,0,0,2,2,2,0,0,0,2,2,0,2,0,0,2,0,0,0,2,2,0,0,0,2,0,2,2,2,0,0,0,0,0,2,2,2,0,2,0,0,2,0,2,2,0,0,2,2,0,2,2,0,2,2,0,0,0,2,0,0,0,0,2,2,0,0,2,0,0,0,2,2,2,2,0,0,2,0,2,0,0,2,2,2,0,2,0,2,0,0,2,2,2,2,0,0,0,0,2,0,0,2,0,2,0,0,0,0,2,0,0,2,0,0,2,0,0,0,0,0,2,0,2,0,0,0,2,2,2,0,0,2,0,0,0,2,2,2,2,0,0,0,0,0,2,0,0,0,0,0,0,0,2,0,0,2,2,2,0,0,0,0,0,0,0,0,2,0,2,0,2,2,0,0,0,0,2,2,2,0,0,2,0,0,0,0,0
"PLB-016",0,0,2,2,0,0,0,2,0,0,2,2,2,0,2,2,2,2,0,0,0,0,2,0,2,0,2,2,0,2,0,2,0,2,0,0,2,0,0,2,0,0,0,0,0,2,2,2,0,0,2,0,0,2,0,2,0,0,0,2,2,2,2,2,0,2,2,0,0,0,2,2,0,0,2,2,2,0,0,0,2,0,2,2,2,0,2,2,0,2,2,2,0,2,2,2,2,2,0,2,2,0,0,2,2,2,2,0,0,0,0,2,0,0,2,0,2,0,0,0,0,2,0,0,2,0,0,0,0,0,0,0,0,2,0,2,0,0,2,0,0,2,0,2,2,0,0,0,0,2,2,0,0,0,0,0,0,2,2,2,0,0,0,0,0,2,2,0,2,2,0,0,0,0,2,0,0,2,2,0,0,2,0,0,2,0,0,0,0,2,2,0,0,0,2,2,0,0,0,0
"PLB-017",0,2,0,2,0,0,0,2,2,2,2,2,2,0,2,2,2,2,0,0,0,0,2,2,2,0,0,2,0,0,0,2,2,2,0,0,2,0,0,2,2,0,0,0,0,2,2,2,2,2,2,0,0,0,0,2,0,0,0,2,2,2,0,2,0,2,2,0,0,2,0,2,0,0,0,0,2,0,2,2,0,0,2,2,2,2,2,2,0,2,0,0,0,0,2,2,2,0,0,2,2,0,0,2,2,2,2,0,0,0,0,2,0,0,2,0,0,0,0,0,0,2,0,0,2,0,0,0,0,0,0,0,2,2,2,2,0,0,0,0,2,0,0,2,0,0,0,0,0,2,0,2,0,0,2,2,0,2,0,2,0,2,0,0,0,2,0,0,2,2,0,2,0,0,2,0,0,2,2,2,0,0,0,0,0,2,2,0,0,0,2,0,0,0,2,0,2,0,0,0
"PLB-018",2,2,2,0,2,0,0,2,0,2,2,2,2,0,2,2,2,0,2,2,0,0,2,0,2,0,0,2,0,0,0,2,2,0,2,2,2,0,0,2,2,0,0,0,0,2,2,2,0,0,2,0,0,0,0,2,2,2,0,2,2,2,2,0,0,0,0,0,0,0,2,0,0,2,0,2,2,2,0,2,2,0,2,0,2,0,2,2,0,0,2,2,2,2,0,2,2,2,2,2,2,0,2,2,0,0,2,2,0,0,0,2,2,0,2,2,2,0,0,2,2,2,0,2,2,0,0,0,0,0,0,0,0,0,0,2,0,2,0,2,2,2,0,2,0,2,2,0,2,0,0,2,2,0,0,2,2,2,0,2,0,0,0,0,0,0,2,2,2,0,0,0,0,2,2,0,0,0,0,0,2,2,2,0,2,0,2,0,2,2,2,0,0,0,0,2,0,0,0,0
"PLB-019",2,0,2,2,0,0,0,0,0,2,0,2,2,2,2,2,2,2,2,0,2,0,2,2,0,0,0,2,0,0,0,2,2,2,2,2,2,0,0,0,2,0,0,0,0,0,0,2,2,2,0,0,0,2,0,0,0,2,0,2,2,0,2,0,0,2,0,0,0,0,2,0,0,2,2,2,2,2,0,2,2,2,0,2,2,0,2,0,0,0,2,2,0,2,0,0,0,2,2,2,0,0,2,2,2,0,0,2,0,2,0,2,2,0,2,0,0,0,2,0,2,0,0,2,2,0,0,2,0,2,0,0,0,0,2,0,0,2,0,0,2,2,0,2,2,2,2,0,2,2,0,2,2,2,0,2,0,2,0,2,0,0,2,0,0,2,2,2,2,0,0,0,0,2,2,0,2,0,0,2,0,2,2,0,2,2,2,0,2,2,2,0,0,0,0,0,0,0,0,2
"PLB-020",0,0,2,2,2,0,2,2,0,2,2,0,0,0,2,2,2,0,0,0,0,2,0,0,0,0,0,0,0,0,2,0,2,2,2,0,2,0,2,0,2,0,0,0,0,2,0,2,2,0,2,0,0,2,0,2,2,0,0,2,2,2,2,0,0,0,2,2,0,0,0,0,0,2,0,0,2,0,0,2,2,0,2,2,2,0,2,2,0,0,2,2,0,2,2,0,2,2,2,2,2,0,2,2,0,2,0,0,2,0,0,0,2,0,2,0,0,0,2,0,0,2,0,0,2,0,0,0,0,2,0,0,0,0,2,2,0,0,0,0,2,0,0,2,0,2,0,0,2,0,0,2,2,2,2,2,0,2,0,2,0,0,0,0,0,0,2,2,2,0,0,0,0,2,2,2,2,0,0,2,2,2,0,0,2,0,2,0,0,2,2,0,0,0,0,0,0,0,0,0
"PLB-021",0,0,2,2,0,0,0,0,0,0,0,0,0,0,2,2,2,2,0,0,0,0,0,0,2,0,0,2,0,0,2,0,2,0,2,0,2,0,0,2,2,0,0,0,0,0,0,2,2,0,2,0,0,2,0,2,2,0,0,2,2,2,2,0,0,2,0,0,0,0,2,2,2,2,0,0,2,2,0,2,2,0,2,0,2,0,0,0,0,0,2,2,2,2,2,2,0,2,0,0,2,0,0,2,2,2,2,2,2,0,0,2,0,0,2,0,0,0,2,0,0,0,0,2,2,0,0,0,0,0,0,0,0,0,0,2,0,2,0,0,2,0,0,0,2,2,0,0,0,0,0,2,0,2,0,2,0,0,0,2,0,0,0,0,2,2,2,2,2,0,0,2,0,2,0,2,0,0,0,0,2,2,0,0,0,2,2,0,0,2,2,0,0,0,2,0,0,0,0,2
"PLB-022",0,2,2,0,0,0,2,2,0,0,2,2,2,0,2,0,2,2,2,0,0,2,2,0,0,0,2,2,0,2,0,0,2,0,0,2,2,0,2,2,2,0,0,0,0,0,2,2,0,2,0,0,0,2,0,2,2,0,0,2,0,2,2,2,0,2,0,0,0,2,2,2,0,2,0,2,2,2,2,2,2,0,0,2,2,0,2,0,0,2,2,0,2,2,0,2,2,2,2,2,2,2,2,0,0,2,2,2,0,0,0,2,0,0,2,0,0,0,0,0,2,2,2,2,2,0,2,2,0,0,0,0,0,0,2,0,0,2,0,2,2,0,0,2,0,2,0,0,2,0,2,2,2,2,0,0,0,2,0,0,0,0,0,0,0,2,2,0,0,2,2,0,0,0,2,0,0,0,0,2,2,0,0,0,0,0,2,0,0,2,0,0,0,2,0,0,0,0,0,2
"PLB-023",2,0,0,0,0,0,2,2,2,0,0,2,2,0,2,2,2,2,2,0,0,2,2,0,2,0,2,0,0,2,0,2,2,0,0,0,2,0,2,2,2,0,0,0,0,0,0,2,2,2,2,0,0,2,0,2,2,0,2,2,2,0,2,2,0,2,2,0,0,2,2,2,0,0,0,2,2,2,0,2,2,0,2,2,2,0,0,0,0,2,0,2,2,2,2,0,2,2,0,0,2,0,2,2,0,2,0,2,0,0,0,2,0,0,2,0,0,0,0,0,2,2,0,2,2,0,0,2,0,0,0,0,0,0,2,0,0,0,0,2,2,2,2,2,0,2,0,0,2,0,0,0,2,2,0,0,0,2,0,2,2,0,0,0,2,2,2,0,2,0,2,0,0,0,2,2,0,0,0,2,2,0,0,0,0,0,2,0,0,2,0,0,0,2,0,0,2,0,0,2
"PLB-024",2,2,2,0,2,0,0,2,2,0,2,2,2,2,2,2,2,2,2,0,0,0,2,0,0,0,0,0,0,2,0,0,2,0,0,0,2,0,0,2,2,0,0,2,0,2,0,2,2,2,0,0,0,2,0,0,2,2,0,2,0,0,2,2,2,2,2,0,0,2,2,2,0,0,2,2,2,2,0,2,2,2,0,0,2,0,2,2,0,2,2,2,2,2,2,2,2,0,0,0,2,2,2,2,0,2,0,2,0,0,0,2,0,0,2,0,0,0,0,0,2,2,0,2,2,0,2,2,0,0,0,0,0,0,2,2,0,2,0,2,0,0,0,0,2,2,0,0,2,2,2,2,2,2,2,0,0,2,0,0,2,0,2,0,2,2,0,2,0,2,0,0,0,0,2,0,0,0,0,0,2,0,0,0,2,0,2,0,0,2,2,0,0,2,2,0,0,2,0,0
"PLB-025",2,2,2,0,0,0,2,2,2,2,0,2,2,0,2,0,2,2,2,0,2,0,2,0,0,0,2,0,0,2,2,2,2,2,0,0,0,0,0,2,2,0,0,0,0,0,2,2,2,2,0,0,0,2,0,2,2,0,2,2,2,0,2,2,0,2,0,0,0,2,2,2,2,2,0,2,2,2,2,2,2,0,2,0,2,0,0,0,0,2,2,2,0,0,2,0,2,2,2,2,2,0,2,0,0,2,2,2,0,0,0,2,0,0,2,0,0,0,0,0,2,2,2,2,2,0,0,2,0,0,0,0,0,0,2,0,0,0,0,2,2,0,0,0,2,0,0,0,2,2,2,2,2,2,2,0,0,2,0,2,2,0,0,0,0,2,0,2,0,0,0,0,0,0,2,0,0,0,0,0,2,0,0,0,2,0,2,0,0,2,2,0,0,2,2,0,0,0,0,2
"PLB-026",0,0,0,2,0,2,0,2,0,0,2,0,2,2,0,2,0,0,0,0,0,0,2,0,2,0,2,0,0,2,0,2,2,0,0,0,0,0,0,2,2,0,0,2,0,0,0,2,2,2,0,0,2,0,2,0,0,2,0,2,2,0,0,2,0,2,2,2,2,0,2,2,0,2,0,0,2,2,0,2,2,2,2,0,0,0,2,0,0,2,0,2,0,2,2,0,0,0,0,0,0,0,0,2,0,0,2,0,0,0,0,2,0,0,2,0,2,0,0,0,2,2,2,2,2,2,2,0,0,2,0,0,0,0,2,2,0,0,0,2,2,0,0,2,2,2,0,2,2,2,0,2,2,2,0,0,0,0,0,2,0,2,2,0,0,2,2,2,0,0,0,2,0,0,2,0,2,0,0,0,0,0,0,0,0,2,2,0,2,0,2,0,0,0,2,0,0,0,0,2
"PLB-027",0,0,2,2,2,2,0,0,0,0,0,0,2,2,2,0,2,2,0,0,0,0,2,0,2,0,0,2,0,0,0,2,2,0,2,0,2,0,2,2,0,0,0,0,0,2,0,2,2,2,0,0,2,0,2,0,2,0,0,0,2,2,0,2,2,0,0,0,0,2,2,2,0,2,0,2,2,2,2,0,2,2,0,2,2,0,2,0,0,2,0,0,0,0,2,0,0,0,2,0,0,0,0,2,0,0,2,0,0,0,0,2,0,0,2,0,0,0,0,0,2,2,0,0,2,0,2,0,0,0,0,0,0,2,2,2,0,2,0,2,2,2,0,0,2,2,0,0,2,2,0,2,2,2,0,2,0,2,0,2,0,2,2,0,0,2,2,2,0,0,0,0,0,0,2,2,0,0,0,0,2,0,0,0,2,2,2,2,2,2,2,0,0,2,2,0,0,0,0,0
"PLB-028",2,2,2,2,2,0,0,2,0,0,0,0,2,0,2,2,2,0,2,0,0,0,2,0,2,0,0,2,0,0,2,2,2,0,0,0,2,0,0,0,0,0,0,0,2,2,2,2,2,0,2,0,0,0,0,2,0,0,0,0,2,0,0,0,0,2,0,0,2,2,2,2,0,0,0,0,2,2,0,2,2,2,0,2,2,0,2,0,0,0,0,2,0,2,2,2,2,2,2,2,0,0,0,0,0,0,2,0,0,0,0,0,0,0,2,0,0,0,0,0,2,2,0,0,2,2,0,2,0,2,0,0,0,0,2,0,0,2,2,2,2,2,0,0,2,2,0,0,2,2,0,2,2,2,0,0,2,0,0,2,0,0,0,0,0,2,2,2,2,2,0,0,0,2,2,2,0,2,0,0,2,2,0,0,0,2,2,0,2,2,2,0,0,2,2,0,0,0,0,0
"PLB-029",0,0,2,2,0,0,0,2,0,0,0,0,2,2,0,2,0,2,0,0,0,0,0,0,2,0,0,0,0,0,0,2,2,0,2,2,2,0,0,2,2,0,0,0,2,0,2,2,2,2,2,0,0,0,0,0,0,0,0,0,2,0,2,2,0,0,0,0,2,0,2,2,0,2,0,0,0,2,0,0,0,2,0,2,2,0,2,0,0,2,0,2,2,2,2,0,2,2,2,0,0,0,0,0,2,0,2,0,0,0,0,2,0,0,2,0,0,0,0,0,2,2,0,2,2,2,2,2,0,2,0,0,0,0,2,2,0,2,0,2,2,0,0,0,2,2,2,0,0,0,0,2,2,2,0,2,0,2,0,0,0,2,0,0,0,2,0,0,0,2,0,0,0,0,0,2,0,0,0,0,2,2,0,0,0,0,2,0,2,2,2,0,0,2,2,0,0,0,0,0
"PLB-030",2,0,0,2,2,0,2,2,2,2,0,2,2,0,2,0,2,2,0,0,0,0,2,0,2,0,2,2,0,0,0,2,2,0,0,0,2,0,0,0,0,0,0,0,0,0,2,2,0,2,0,0,0,2,0,2,2,0,0,2,2,0,0,2,0,2,2,0,0,2,2,2,2,2,0,2,2,0,2,2,2,0,0,2,2,0,0,0,0,2,0,2,2,2,2,0,2,2,0,2,2,0,2,0,0,0,2,2,0,0,2,2,0,0,2,0,2,0,0,0,2,2,0,2,2,0,2,2,0,0,0,0,0,0,2,0,0,2,0,2,0,2,0,0,2,2,2,0,0,2,2,2,2,2,0,0,0,2,0,2,0,2,0,0,0,2,0,2,2,2,0,2,0,0,2,2,0,0,0,0,2,2,2,0,0,0,2,0,2,2,2,0,0,2,2,0,2,0,0,2
"PLB-031",2,2,0,2,0,0,2,0,0,2,0,2,2,2,2,2,2,2,2,0,0,0,2,0,2,0,0,2,0,0,2,2,2,0,0,2,2,0,0,2,0,0,0,0,0,0,0,2,2,0,2,2,0,2,2,2,0,0,0,2,0,2,2,2,0,2,0,0,0,2,2,2,2,2,2,0,2,0,0,2,2,2,2,0,0,0,2,0,0,0,2,2,0,2,2,0,2,2,0,2,2,0,2,2,2,2,2,2,0,0,0,2,0,0,2,0,0,0,0,0,2,0,2,2,2,0,0,2,0,0,0,0,0,0,0,0,0,2,0,2,2,2,0,2,2,2,0,0,0,0,0,0,2,2,0,0,0,2,0,2,0,0,0,0,2,2,2,2,0,2,0,0,0,2,2,0,0,0,0,0,2,0,0,2,2,0,2,0,2,2,2,0,0,0,2,0,2,0,0,2
"PLB-032",2,0,0,0,2,0,2,2,2,2,0,2,2,0,2,0,0,2,0,0,0,0,2,0,2,2,0,0,0,0,0,2,2,0,0,2,2,2,0,2,0,0,0,0,0,2,0,2,2,2,2,0,2,2,2,2,2,2,0,2,0,2,2,2,2,2,0,0,0,0,2,0,0,2,0,2,2,2,0,2,2,2,0,0,2,0,2,0,0,0,0,2,2,0,2,0,2,2,0,0,2,0,2,0,2,0,2,2,0,0,2,2,0,0,2,0,0,0,0,0,2,2,0,2,2,0,0,2,0,0,0,0,0,0,2,0,0,2,0,2,2,2,0,0,2,0,2,0,2,2,0,0,2,2,2,0,0,2,0,2,0,0,0,0,0,2,2,2,0,2,2,0,0,0,2,2,0,0,0,0,2,0,2,2,0,2,2,0,2,2,2,2,0,2,0,0,0,0,0,2
"PLB-033",2,2,0,2,2,0,2,2,2,0,0,2,2,0,0,2,2,2,0,0,0,0,2,0,0,0,2,0,0,0,0,2,2,2,0,0,2,2,0,2,2,0,0,0,0,0,0,2,2,2,0,0,0,2,0,2,2,0,0,2,0,2,0,2,0,2,2,0,0,2,2,2,2,2,0,0,2,0,2,2,2,0,2,2,2,0,2,0,0,0,2,2,0,0,2,0,0,2,0,2,0,0,2,0,2,0,0,2,0,0,0,2,0,0,2,0,2,0,0,0,2,2,2,2,2,0,2,2,0,0,0,0,0,0,0,2,0,2,0,0,0,2,0,0,2,2,0,0,0,2,0,0,2,2,0,0,0,2,0,2,0,0,0,0,2,2,0,0,0,2,0,0,0,0,2,0,0,0,0,0,2,0,0,0,2,2,2,0,2,2,2,2,0,2,2,0,0,0,0,2
"PLB-034",2,0,0,0,0,0,0,0,0,2,0,0,2,2,2,2,2,2,2,0,2,2,2,0,2,0,2,2,0,2,0,0,2,0,0,0,0,0,0,0,2,0,0,0,0,0,2,2,2,2,2,0,0,2,0,0,2,0,0,2,2,0,2,2,2,2,2,0,0,2,2,2,0,2,2,2,2,2,0,2,2,2,2,0,0,0,0,0,0,0,0,2,0,2,2,0,0,2,0,2,2,0,2,0,0,2,2,2,0,0,2,0,0,0,2,0,0,0,0,0,2,2,0,2,2,0,2,2,0,0,0,0,0,2,2,2,0,2,2,0,2,0,2,2,2,2,0,0,2,0,0,0,2,2,2,2,0,2,0,2,2,0,2,0,0,2,2,2,0,2,2,0,0,2,2,2,0,0,0,0,2,0,0,0,2,2,2,0,0,0,0,0,0,0,2,0,0,0,0,2
"PLB-035",2,0,0,2,0,0,2,2,0,2,0,2,2,0,2,2,2,2,2,0,2,0,2,0,2,0,2,2,0,0,0,2,2,0,0,0,0,0,0,2,2,0,0,0,0,0,2,2,2,2,2,0,0,2,0,2,2,0,0,2,2,0,2,2,0,2,2,2,0,2,2,2,0,0,0,2,2,2,2,2,2,2,2,2,2,0,2,0,0,2,0,0,0,2,0,0,2,0,2,2,0,0,0,0,2,0,2,0,0,0,0,2,0,0,2,0,0,0,0,0,2,2,2,2,2,0,0,2,2,0,0,0,0,0,2,0,0,2,0,2,2,0,0,2,2,2,0,0,2,0,0,2,2,2,2,0,0,2,0,2,0,0,0,0,2,2,2,2,0,2,2,0,0,0,2,2,0,0,0,2,2,0,0,0,2,0,2,0,0,2,0,0,0,0,0,0,0,0,0,2
"PLB-036",0,2,0,0,2,0,0,2,2,2,2,2,2,0,2,2,0,0,2,0,0,0,2,0,2,0,2,0,0,2,0,2,2,0,0,0,0,0,2,0,2,0,0,0,2,0,0,2,0,2,0,0,0,0,0,2,2,0,2,2,2,0,2,2,0,0,0,0,0,2,2,2,0,2,2,2,2,2,2,2,2,2,2,2,2,0,2,0,0,0,2,0,2,2,2,0,2,2,2,2,2,0,2,0,0,2,2,2,0,0,2,0,0,0,2,0,0,0,0,0,0,2,2,0,2,0,2,2,2,0,0,0,0,0,2,2,0,2,0,2,2,0,2,2,2,2,0,0,2,0,0,2,2,2,2,2,0,2,0,2,0,0,0,0,2,2,2,2,0,2,0,0,0,0,2,2,0,0,0,2,2,0,0,0,0,2,2,0,0,2,0,0,0,0,2,0,0,0,0,0
"PLB-037",0,0,0,2,2,2,0,2,0,2,0,0,2,0,2,2,0,2,2,0,0,0,2,0,2,0,2,2,0,0,2,2,2,0,2,0,2,0,0,2,2,0,0,0,2,0,0,2,2,2,2,0,0,2,0,0,0,2,0,2,2,0,2,0,0,2,0,2,2,0,2,2,0,2,2,0,2,2,2,2,2,2,2,0,2,0,2,0,0,0,0,2,0,2,2,0,2,2,2,0,2,0,0,0,2,2,2,2,0,0,0,2,0,0,2,0,0,0,0,0,2,2,0,0,2,0,2,0,2,0,0,0,0,0,2,0,0,0,2,0,2,2,0,0,2,2,0,2,2,0,0,2,2,2,0,2,0,2,0,2,0,0,0,0,0,2,2,0,2,0,2,0,0,2,2,2,0,0,0,0,2,0,0,2,0,0,2,2,2,0,2,0,0,0,2,0,0,0,0,2
"PLB-038",0,2,2,2,2,2,0,2,0,0,2,0,2,0,2,2,2,0,2,0,0,0,2,0,2,0,0,2,0,0,0,2,2,0,2,0,0,0,0,2,2,0,0,0,2,0,0,2,2,2,0,0,0,0,0,2,0,2,0,2,2,2,2,2,0,2,0,2,0,2,2,2,0,2,2,2,2,2,0,2,0,2,0,0,0,0,2,0,0,2,2,2,0,2,2,0,0,0,2,2,0,0,0,0,2,0,2,2,0,0,0,2,0,0,2,0,0,0,0,0,2,2,0,2,2,0,0,0,2,0,0,0,0,0,2,0,0,2,0,2,2,0,0,0,0,2,2,0,2,0,0,2,2,2,2,2,0,2,0,2,0,0,0,0,0,2,2,2,2,2,0,0,0,0,0,2,0,2,0,0,0,0,0,0,0,2,2,2,2,2,2,0,0,0,2,0,2,0,0,0
"PLB-039",0,0,2,0,2,0,0,2,0,0,0,0,2,0,0,2,2,2,0,0,2,2,0,0,0,0,0,0,0,2,0,2,0,0,0,2,0,0,0,2,0,0,0,0,2,0,2,2,0,2,2,0,2,2,0,2,2,0,0,2,2,2,2,2,0,2,2,0,0,0,0,2,0,2,0,0,2,2,2,2,0,2,0,2,2,0,2,0,0,0,0,2,0,2,2,2,0,0,2,0,0,0,2,0,0,0,2,0,0,0,0,2,0,0,2,0,0,0,0,0,2,0,0,0,2,0,0,2,0,2,0,0,0,0,2,2,0,2,0,2,2,2,0,2,2,2,0,2,2,2,0,0,2,2,0,2,0,2,0,2,0,0,0,0,2,2,0,0,2,2,2,0,2,2,2,2,2,0,2,0,2,2,0,0,2,2,2,0,0,0,2,0,0,2,0,0,0,0,0,0
"PLB-040",2,0,2,0,0,0,0,2,0,0,0,0,2,0,2,0,0,2,2,0,0,2,2,0,0,0,0,0,0,0,0,2,0,0,0,2,2,0,2,2,2,0,0,2,0,0,2,2,2,2,2,0,0,0,0,2,2,2,0,2,2,0,2,2,0,2,2,0,0,0,0,2,0,0,0,2,2,2,0,2,0,2,0,2,2,0,0,0,0,0,0,2,0,2,2,2,2,2,2,0,0,0,0,0,0,0,2,2,0,0,0,2,0,2,2,0,2,0,2,0,0,2,0,0,0,0,2,2,0,2,0,0,0,2,2,2,0,2,2,2,2,2,0,2,2,2,0,2,2,0,0,0,2,2,0,0,0,0,0,2,0,0,0,0,2,2,0,2,0,2,0,0,0,2,0,2,0,0,2,0,2,0,0,0,0,2,2,0,0,2,2,0,0,2,0,0,0,0,0,0
"PLB-041",0,2,2,0,2,0,2,2,0,0,2,2,2,0,2,2,2,2,2,0,2,0,2,0,2,2,0,0,0,2,0,0,2,0,0,2,2,2,0,0,2,0,0,0,0,2,2,2,2,2,2,0,0,2,0,2,2,2,0,2,0,0,2,0,0,2,0,0,0,0,2,0,0,2,0,0,2,2,0,2,2,2,2,0,2,0,2,0,0,2,2,2,0,2,2,0,2,2,2,2,2,0,2,2,0,2,0,2,0,0,0,2,0,0,2,0,0,0,2,0,2,2,0,2,2,0,0,0,0,0,0,0,0,0,0,0,0,2,0,2,2,0,2,2,0,2,0,0,2,2,0,0,0,2,0,0,0,2,0,2,2,0,0,0,0,0,2,2,2,0,2,0,0,2,2,0,0,0,0,2,2,0,0,2,0,0,2,0,0,2,2,0,0,0,2,0,2,0,0,2
"PLB-042",0,2,2,2,2,0,2,2,2,0,0,2,2,2,2,2,2,2,0,0,0,0,2,0,2,0,0,2,0,0,2,2,2,0,0,2,2,2,0,0,2,0,0,0,0,2,2,2,2,2,0,0,0,2,0,0,0,2,0,2,2,0,2,0,0,2,0,0,0,2,0,0,0,2,0,2,2,0,2,2,2,0,0,0,2,0,0,0,0,2,2,2,0,2,2,2,2,2,2,2,2,0,2,0,0,2,2,2,0,0,0,0,2,0,2,0,0,0,0,0,2,2,2,2,2,0,0,2,0,2,0,0,0,0,0,2,0,2,0,2,2,0,0,0,0,2,2,0,2,2,0,2,2,2,2,0,0,2,0,2,2,0,0,0,0,2,0,2,2,2,0,0,0,0,2,0,0,0,0,0,2,0,0,0,0,0,2,0,2,2,2,0,0,0,2,2,0,0,0,2
"PLB-043",0,2,2,2,0,0,2,2,0,0,0,2,2,2,2,0,2,0,0,0,2,0,2,0,0,0,2,2,0,2,2,2,2,2,2,2,2,0,0,2,2,0,0,0,0,0,2,2,2,2,2,0,0,2,2,0,0,2,0,2,2,0,2,0,2,2,2,0,0,2,2,0,0,0,0,2,2,0,0,2,2,0,2,0,2,0,2,0,0,0,0,2,0,2,2,0,2,2,0,0,0,0,2,2,0,2,2,0,0,0,0,2,0,0,2,2,2,0,2,0,2,2,2,2,2,0,0,0,0,2,0,0,0,0,2,0,0,2,0,2,0,0,0,2,2,2,0,0,2,2,0,2,2,0,0,0,0,2,0,2,2,0,2,0,0,2,2,2,2,0,2,2,0,2,2,0,0,0,0,2,2,0,0,0,0,2,2,0,0,2,2,0,0,2,0,0,0,0,0,2
"PLB-044",0,0,2,2,0,0,0,0,2,0,0,2,0,0,2,2,2,2,0,2,0,2,0,0,0,0,0,2,2,2,0,2,0,2,0,0,2,0,2,2,2,0,0,2,0,0,0,2,2,2,2,0,0,0,0,2,2,0,0,2,2,2,0,2,0,2,2,2,0,2,0,2,0,2,0,0,2,2,2,2,2,2,0,0,2,0,2,0,0,2,2,2,2,2,2,0,2,2,2,0,0,0,2,0,0,0,2,2,0,0,0,2,0,0,2,0,0,0,0,0,2,2,0,0,2,0,2,2,2,0,0,0,0,0,2,2,0,2,0,2,2,2,0,2,2,0,0,0,2,0,0,0,2,2,2,2,0,2,0,2,0,2,0,0,2,2,2,2,2,2,2,0,0,0,0,2,0,2,0,0,0,0,0,0,0,2,0,0,2,2,2,0,0,0,2,0,0,2,2,0
"PLB-045",0,2,2,2,0,0,2,0,2,0,2,2,2,0,2,2,2,2,0,2,0,2,0,0,0,0,0,0,0,2,0,2,0,2,2,2,2,0,0,2,2,0,0,0,0,0,0,2,0,2,0,0,2,2,0,2,2,2,0,2,2,2,0,2,0,2,0,0,0,2,0,2,0,2,2,2,2,2,2,0,2,2,2,0,2,2,2,0,0,2,2,0,2,2,2,2,2,2,0,2,2,0,2,0,0,0,2,2,0,0,0,2,2,0,0,0,0,0,0,2,2,2,0,0,2,0,2,2,0,0,0,0,0,0,2,2,0,2,0,2,0,0,0,2,2,0,0,0,2,2,0,2,0,2,2,0,0,2,0,0,0,0,0,0,2,2,2,0,2,0,0,0,0,0,2,0,0,2,0,0,0,2,0,2,2,0,2,0,0,0,2,0,2,0,2,0,0,2,0,2
"PLB-046",0,0,2,0,2,2,0,2,2,2,0,2,2,0,2,0,2,2,2,0,0,2,2,0,0,2,0,2,0,0,0,2,0,2,2,2,2,0,2,2,2,0,0,0,2,0,0,2,2,0,2,0,0,2,0,2,0,0,0,0,2,0,0,0,0,2,2,0,0,2,0,2,0,0,0,2,2,2,2,0,0,0,0,0,2,0,0,0,0,2,2,2,0,2,2,0,0,2,0,0,0,0,2,0,0,0,2,2,0,0,2,2,2,0,2,0,0,0,0,0,2,2,0,0,2,0,0,0,0,0,0,0,0,2,0,2,0,2,0,2,2,2,0,2,2,0,0,0,2,0,0,2,2,2,2,2,0,2,0,2,0,2,0,0,2,2,0,2,2,2,0,0,0,2,0,0,2,2,0,0,2,2,0,2,0,2,2,0,2,2,2,0,2,0,0,0,0,0,0,0
"PLB-047",2,2,0,2,2,0,0,2,0,2,0,0,2,2,2,2,2,2,2,0,2,0,2,0,2,0,0,0,0,0,0,2,2,2,0,0,2,0,0,2,2,0,0,0,0,0,2,2,2,2,0,0,0,2,0,0,2,0,0,2,2,2,0,2,0,2,2,0,2,0,2,0,0,0,0,2,2,2,0,2,2,0,2,2,2,0,2,2,0,0,2,0,0,0,0,2,2,2,2,0,2,0,2,0,0,0,2,0,0,0,0,0,0,0,2,0,0,0,0,0,0,2,0,2,2,0,0,2,0,2,0,0,0,0,2,2,0,2,0,2,2,2,0,2,0,2,0,0,2,0,2,2,0,2,2,0,0,0,0,2,0,0,2,0,2,2,2,2,2,0,0,0,0,0,0,2,0,0,0,2,2,0,0,0,2,2,0,0,0,2,2,0,0,2,2,0,0,0,0,2
"PLB-048",2,0,0,2,2,0,2,2,0,2,0,2,2,0,2,2,2,0,2,2,0,0,2,0,2,0,0,0,0,2,0,2,2,2,0,0,2,0,0,2,2,0,0,0,0,0,2,2,2,2,2,0,0,2,0,0,2,0,0,2,2,2,2,2,2,2,0,0,2,2,2,2,0,0,2,2,2,2,0,2,2,2,2,2,2,0,0,2,0,0,2,2,2,2,0,2,2,0,2,0,2,0,2,0,0,2,0,0,0,0,0,2,0,0,2,0,0,0,2,0,2,2,0,0,2,0,0,2,0,2,0,0,0,0,0,2,0,2,2,2,2,2,0,0,2,2,0,2,2,2,0,2,0,2,2,2,0,0,0,0,0,0,0,0,2,2,2,2,0,2,0,0,0,0,2,2,0,2,0,2,2,0,0,0,2,2,2,0,0,2,2,0,0,0,0,0,0,0,0,2
"PLB-049",2,2,0,0,0,0,0,2,2,2,0,2,2,0,2,2,0,2,2,0,2,0,2,0,2,0,0,0,0,0,0,2,2,0,2,2,2,0,0,2,2,0,0,0,0,0,0,2,2,2,0,0,0,2,0,2,0,0,0,2,2,2,2,2,2,2,0,0,2,0,0,2,0,0,2,2,2,2,0,2,2,0,0,2,2,0,2,2,0,0,2,0,2,2,2,2,2,0,2,2,0,0,2,0,0,0,2,2,0,0,0,2,0,0,2,0,0,0,0,0,2,2,2,0,2,0,0,2,2,0,0,0,0,0,2,2,0,2,2,0,2,0,2,2,2,2,0,0,2,0,0,2,2,2,0,2,0,0,0,0,0,0,2,0,2,2,2,2,0,2,2,0,0,2,0,2,0,2,0,2,2,0,0,0,0,2,2,0,2,0,2,0,0,2,2,0,0,0,0,2
"PLB-050",2,2,0,0,0,0,0,2,0,2,2,0,2,0,0,2,2,2,0,0,2,2,2,0,2,0,2,0,0,0,0,0,2,2,2,2,2,0,2,0,2,0,0,0,0,0,2,2,0,2,0,0,0,2,0,0,2,0,0,2,2,2,2,2,2,2,0,0,0,2,2,0,0,0,0,2,2,2,0,2,2,2,0,0,0,0,2,2,0,0,2,2,0,2,2,2,2,0,0,0,0,0,0,0,0,0,2,0,0,0,0,2,2,0,2,2,0,0,0,0,2,2,2,0,2,0,2,2,0,0,0,0,0,0,2,2,0,2,0,0,2,2,0,2,0,2,0,0,2,0,0,2,2,0,2,0,2,2,0,2,0,0,2,0,2,2,2,2,0,0,2,0,2,0,2,2,0,0,0,2,2,0,0,0,0,2,2,0,0,2,2,2,0,0,2,0,0,0,0,0
"PLB-051",2,2,2,0,2,0,0,2,0,2,2,2,2,2,2,2,2,2,0,0,2,0,2,0,2,0,0,0,0,2,0,2,2,0,0,0,0,0,0,2,2,0,0,0,0,0,0,2,2,2,0,0,0,2,0,2,0,0,0,2,2,2,2,2,2,0,0,0,0,2,2,2,0,2,0,0,2,0,0,2,2,2,2,0,2,2,0,2,0,0,2,2,0,2,2,2,2,2,0,0,2,2,0,2,2,0,2,0,0,0,0,2,2,0,2,0,0,0,0,0,2,2,2,0,2,0,0,2,2,0,0,0,0,0,2,2,0,2,0,2,2,2,2,2,2,2,0,0,0,2,0,2,2,2,2,0,0,2,0,0,0,0,0,0,2,2,2,2,0,0,0,0,0,2,2,2,0,0,0,2,2,0,0,0,0,2,2,0,2,0,2,0,0,0,2,0,0,0,0,2
"PLB-052",0,0,0,0,2,0,0,2,0,2,2,2,2,2,2,2,2,2,0,0,2,0,2,0,2,0,2,0,0,0,0,2,2,0,0,0,2,0,0,2,0,0,0,2,0,0,0,2,0,0,0,0,0,2,0,0,2,0,0,2,2,0,2,2,2,2,0,0,2,2,2,0,0,0,2,0,2,2,2,2,2,2,2,2,2,0,2,2,0,0,2,2,0,2,2,2,2,2,0,2,0,2,2,0,0,0,0,0,0,0,0,2,0,0,2,0,0,0,2,0,2,2,2,0,2,0,2,0,2,0,0,0,0,0,2,2,0,2,2,2,2,2,0,2,2,2,0,0,0,2,2,2,2,2,2,2,0,2,0,2,0,0,2,0,2,2,2,2,2,0,0,0,0,0,2,2,0,2,0,2,2,0,0,0,2,2,2,0,0,0,0,0,0,2,2,0,0,0,0,0
"PLB-053",2,2,0,2,2,2,0,2,2,2,0,2,2,2,2,2,2,2,0,2,0,0,0,0,0,0,0,2,0,0,0,0,0,0,0,0,2,2,0,0,2,2,0,0,0,0,2,2,2,2,2,0,0,2,0,2,2,0,0,0,2,2,2,0,0,2,0,2,2,2,0,2,0,2,2,2,2,2,0,2,2,0,2,0,2,2,0,0,0,2,2,0,2,0,2,0,2,0,2,2,2,2,2,0,0,0,2,2,0,0,2,2,0,0,2,0,0,0,2,2,2,2,0,2,2,2,0,0,0,0,2,0,0,0,2,2,0,2,0,2,0,2,0,2,0,2,0,0,2,0,0,2,2,2,2,2,0,2,0,2,0,0,0,0,0,2,0,0,0,2,2,0,0,2,2,2,0,2,0,0,2,0,0,0,0,0,2,0,2,2,2,0,0,0,2,0,0,0,0,2
"PLB-054",2,0,2,2,2,2,2,2,2,0,2,2,2,2,2,2,2,2,2,2,0,0,2,0,2,0,0,2,2,0,0,0,2,2,0,2,2,0,0,2,2,0,0,0,2,0,0,2,2,0,0,0,0,0,0,2,0,2,0,2,2,0,0,0,0,2,0,0,0,0,0,2,0,2,2,0,0,2,0,2,2,0,2,0,2,0,0,0,0,2,2,0,2,2,2,2,2,0,0,2,2,0,2,0,0,0,2,2,0,0,2,2,0,0,2,0,0,0,0,2,2,2,0,0,2,2,2,0,0,0,0,0,0,2,2,2,0,2,0,0,0,0,0,0,0,0,0,0,2,0,0,2,0,0,2,2,0,2,0,2,0,2,0,0,2,2,0,0,2,0,0,0,0,2,2,2,0,0,0,2,2,0,0,0,2,0,2,0,2,2,2,0,0,0,2,0,0,0,0,2
"PLB-055",2,0,2,2,2,0,2,2,2,2,2,2,2,0,2,2,2,2,0,0,0,0,2,0,2,0,2,2,0,0,0,0,2,2,0,0,2,0,0,2,2,0,0,0,0,0,0,2,2,0,0,0,2,2,0,2,2,0,0,2,2,0,2,0,0,2,0,2,2,2,0,2,0,2,2,0,2,2,0,2,2,0,2,0,2,0,2,2,0,2,2,2,2,2,2,2,2,2,0,0,2,0,2,0,0,2,0,2,0,0,0,2,2,0,2,0,0,0,0,0,2,2,0,0,2,0,0,2,2,0,2,0,0,0,2,2,0,2,0,2,0,2,0,2,0,2,0,0,2,0,0,2,0,2,2,2,0,2,0,2,0,0,0,0,0,2,0,2,0,0,0,0,0,2,2,0,0,0,0,2,0,0,0,0,2,0,2,0,2,0,2,0,2,2,2,0,0,0,2,2
"PLB-056",0,0,2,2,0,0,2,2,0,0,0,2,0,0,0,2,2,2,2,0,0,0,0,0,2,0,0,0,0,0,0,2,0,0,0,0,2,0,2,2,0,0,2,0,0,2,2,2,0,0,0,0,2,2,0,2,2,0,0,0,0,2,2,2,0,2,0,0,0,0,2,0,0,2,2,0,2,0,0,2,2,0,2,2,2,0,2,0,0,0,2,2,0,2,2,2,0,2,0,2,0,0,2,2,0,2,2,2,0,0,2,2,0,0,2,0,0,0,0,0,0,0,2,0,2,0,2,2,0,2,0,0,0,2,2,2,0,2,2,2,2,0,2,0,0,2,0,2,2,2,0,0,0,0,2,0,0,2,0,2,0,0,0,0,2,2,2,0,2,0,0,0,0,2,2,2,0,2,2,0,2,0,0,2,2,2,2,0,0,2,2,0,0,0,0,0,2,2,0,0
"PLB-057",2,0,0,0,0,0,2,2,0,0,0,2,0,0,2,2,2,0,0,0,2,2,2,0,2,0,0,2,0,0,0,2,0,0,2,0,2,0,0,2,0,0,0,2,2,0,0,2,2,0,2,0,2,0,0,2,2,0,0,0,2,2,2,0,0,2,0,2,2,0,2,0,0,2,0,0,2,2,0,2,2,0,0,2,2,0,2,0,0,2,2,0,0,2,2,2,2,2,0,0,0,0,2,0,0,2,2,0,0,0,0,2,0,0,2,0,2,0,0,0,0,0,2,2,2,0,0,2,0,0,0,0,2,2,2,2,0,2,0,2,2,0,2,0,2,2,0,0,2,2,0,2,0,2,0,0,0,2,0,0,0,0,0,0,2,2,0,0,2,2,0,0,0,0,2,2,0,2,0,0,0,2,0,0,2,2,0,0,0,2,2,2,0,2,2,0,0,2,0,0
"PLB-058",2,2,2,2,0,0,2,0,2,2,0,2,0,0,2,0,2,0,2,0,0,0,2,0,0,0,0,2,0,0,0,2,2,0,0,2,2,0,0,2,2,0,2,0,0,0,2,2,0,0,2,0,2,2,0,2,2,0,0,0,2,0,0,0,0,2,0,0,0,0,2,2,0,0,2,2,2,2,0,2,2,2,2,2,2,2,2,2,0,2,2,2,0,2,2,0,2,2,0,0,0,0,2,0,2,2,2,0,0,0,0,2,0,0,2,0,2,0,0,0,0,0,2,0,2,0,0,2,0,0,0,2,0,2,2,2,0,2,0,2,0,2,2,0,2,2,0,0,2,0,0,0,0,0,2,0,0,2,0,2,0,0,0,0,2,2,0,2,2,2,2,0,0,2,0,2,0,2,2,0,2,2,0,0,0,2,2,0,0,2,2,2,0,0,0,0,2,2,0,0
"PLB-059",2,2,0,2,0,0,0,2,0,0,0,0,2,2,2,0,0,2,0,0,0,2,2,2,2,0,2,2,0,0,0,2,0,0,2,0,0,0,2,2,2,0,2,0,2,0,0,2,2,2,2,0,2,2,0,2,2,0,0,0,2,2,2,2,0,2,0,2,0,0,2,2,0,0,0,2,2,2,2,2,2,2,0,0,2,0,0,0,0,2,2,2,0,2,2,0,0,0,2,0,2,0,2,2,2,0,2,0,0,0,0,2,0,0,2,0,0,0,0,0,2,2,2,2,2,0,0,2,0,0,0,0,0,2,2,0,0,2,2,2,2,2,0,0,2,2,0,2,2,2,0,0,2,2,2,2,0,2,0,2,0,0,2,0,0,2,2,0,0,2,2,0,0,2,2,2,0,2,2,0,2,0,0,2,2,2,2,0,0,0,0,0,0,0,2,0,0,2,0,0
"PLB-060",0,2,2,2,0,0,2,0,0,0,0,0,2,0,2,2,0,2,2,0,0,2,0,0,2,0,2,2,0,0,0,2,0,0,2,0,2,0,2,2,0,0,0,0,0,2,2,2,2,0,2,0,0,2,0,2,2,2,2,2,2,0,2,2,0,2,0,2,0,2,0,2,0,2,2,2,2,2,2,2,2,2,0,2,2,2,0,0,0,0,2,0,0,2,2,2,2,2,2,2,2,0,0,2,0,2,2,0,0,0,2,2,0,0,2,0,0,0,0,0,2,2,0,0,2,0,2,2,2,0,0,0,0,0,2,0,0,2,2,0,2,2,0,2,2,2,0,0,2,0,0,0,0,2,2,0,0,2,0,2,2,0,2,0,0,2,2,2,2,2,0,0,0,2,2,2,2,2,0,0,2,0,0,0,0,2,2,0,2,2,2,0,0,0,2,0,0,2,0,0
