"genotype","parent1","parent2","env","block","rep","row","col","yield","grain_protein","test_weight","plant_height","maturity","standability"
"PLA-025xZM-0001","PLA-025","ZM-0001","WEST-2024-L1","WEST-2024-L1-B1",1,5,12,10.74,8.63,72.86,255.83,108.29,7.5
"PLA-015xZM-0001","PLA-015","ZM-0001","WEST-2024-L1","WEST-2024-L1-B1",1,7,11,12.8,9.17,73.81,282.89,110.79,7.98
"PLA-053xZM-0001","PLA-053","ZM-0001","WEST-2024-L1","WEST-2024-L1-B1",1,5,7,11.04,9.19,64.11,266.28,109.78,9.21
"PLA-055xZM-0001","PLA-055","ZM-0001","WEST-2024-L1","WEST-2024-L1-B1",1,12,1,13.37,9.71,69.63,248.32,111.73,6.38
"PLA-014xZM-0001","PLA-014","ZM-0001","WEST-2024-L1","WEST-2024-L1-B1",1,2,9,11.16,10.36,71.97,268.76,118.53,7.38
"PLA-008xZM-0001","PLA-008","ZM-0001","WEST-2024-L1","WEST-2024-L1-B1",1,6,4,12.39,9.43,69.85,250.85,110.67,8.23
"PLA-058xZM-0001","PLA-058","ZM-0001","WEST-2024-L1","WEST-2024-L1-B1",1,6,1,16.19,9.05,63.75,245.36,104.41,8.78
"PLA-024xZM-0001","PLA-024","ZM-0001","WEST-2024-L1","WEST-2024-L1-B1",1,8,5,11.31,8.88,73.26,237.87,112.43,7.69
"PLB-026xZM-0001","PLB-026","ZM-0001","WEST-2024-L1","WEST-2024-L1-B1",1,9,3,10.54,8.34,69.66,264.29,109.84,6.97
"PLB-045xZM-0001","PLB-045","ZM-0001","WEST-2024-L1","WEST-2024-L1-B1",1,6,8,11.58,8.46,70.8,258.87,115.18,7.19
"PLB-033xZM-0001","PLB-033","ZM-0001","WEST-2024-L1","WEST-2024-L1-B1",1,8,4,11.02,8.41,74.17,234.87,109.27,5.27
"PLB-030xZM-0001","PLB-030","ZM-0001","WEST-2024-L1","WEST-2024-L1-B1",1,3,11,9.93,8.46,74.4,243.98,111.78,7.95
"PLB-048xZM-0001","PLB-048","ZM-0001","WEST-2024-L1","WEST-2024-L1-B1",1,2,5,11.07,8.58,71.98,269.7,107.07,8.27
"PLB-052xZM-0001","PLB-052","ZM-0001","WEST-2024-L1","WEST-2024-L1-B1",1,1,11,13.08,9.22,68.81,295.35,113.26,9.53
"PLB-022xZM-0001","PLB-022","ZM-0001","WEST-2024-L1","WEST-2024-L1-B1",1,12,4,14.44,8.58,71.15,260.97,115.9,8.4
"PLB-008xZM-0001","PLB-008","ZM-0001","WEST-2024-L1","WEST-2024-L1-B1",1,2,10,10.65,8.72,70.16,288.56,116.27,9.18
"PLA-025xZM-0002","PLA-025","ZM-0002","WEST-2024-L1","WEST-2024-L1-B1",1,10,10,13.43,8.66,73.32,252.17,110.55,7.28
"PLA-015xZM-0002","PLA-015","ZM-0002","WEST-2024-L1","WEST-2024-L1-B1",1,3,8,14.68,8.79,69.92,249.86,107.18,7.47
"PLA-053xZM-0002","PLA-053","ZM-0002","WEST-2024-L1","WEST-2024-L1-B1",1,3,12,13.56,8.63,66.39,245.42,117.26,9.26
"PLA-055xZM-0002","PLA-055","ZM-0002","WEST-2024-L1","WEST-2024-L1-B1",1,4,8,11.37,8.77,77.72,227.73,109.75,8.09
"PLA-014xZM-0002","PLA-014","ZM-0002","WEST-2024-L1","WEST-2024-L1-B1",1,11,2,13.68,8.08,75.15,241.7,114.53,8.66
"PLA-008xZM-0002","PLA-008","ZM-0002","WEST-2024-L1","WEST-2024-L1-B1",1,1,3,12.07,8.83,76.52,254.83,113,7.5
"PLA-058xZM-0002","PLA-058","ZM-0002","WEST-2024-L1","WEST-2024-L1-B1",1,1,5,15.33,7.98,67.38,265.11,114.43,8.24
"PLA-024xZM-0002","PLA-024","ZM-0002","WEST-2024-L1","WEST-2024-L1-B1",1,7,10,13,7.83,67.35,261.75,114.99,8.09
"PLB-026xZM-0002","PLB-026","ZM-0002","WEST-2024-L1","WEST-2024-L1-B1",1,12,12,14.42,8.57,75.71,253.76,116.68,7.78
"PLB-045xZM-0002","PLB-045","ZM-0002","WEST-2024-L1","WEST-2024-L1-B1",1,4,2,12.24,9.51,70.67,258.87,114.95,7.98
"PLB-033xZM-0002","PLB-033","ZM-0002","WEST-2024-L1","WEST-2024-L1-B1",1,7,9,10.61,7.88,63.97,225.28,107.97,4.69
"PLB-030xZM-0002","PLB-030","ZM-0002","WEST-2024-L1","WEST-2024-L1-B1",1,9,6,13.23,8.47,75.29,250.45,108.74,6.72
"PLB-048xZM-0002","PLB-048","ZM-0002","WEST-2024-L1","WEST-2024-L1-B1",1,4,9,10.34,7.11,69.08,258.5,105.26,8.22
"PLB-052xZM-0002","PLB-052","ZM-0002","WEST-2024-L1","WEST-2024-L1-B1",1,12,8,10.32,9.83,71.69,260.61,114.43,8.61
"PLB-022xZM-0002","PLB-022","ZM-0002","WEST-2024-L1","WEST-2024-L1-B1",1,8,11,11.66,8.67,66.67,249.76,111.96,6.84
"PLB-008xZM-0002","PLB-008","ZM-0002","WEST-2024-L1","WEST-2024-L1-B1",1,6,12,12.81,8.61,75.53,240.29,110.98,6.32
"PLA-025xZM-0003","PLA-025","ZM-0003","WEST-2024-L1","WEST-2024-L1-B1",1,1,7,13.62,9.15,74.24,268.57,112.16,8.25
"PLA-015xZM-0003","PLA-015","ZM-0003","WEST-2024-L1","WEST-2024-L1-B1",1,10,2,14.03,8.36,78.16,283.57,109.08,8.26
"PLA-053xZM-0003","PLA-053","ZM-0003","WEST-2024-L1","WEST-2024-L1-B1",1,8,12,14.93,7.98,76.7,264.22,113.91,8.83
"PLA-055xZM-0003","PLA-055","ZM-0003","WEST-2024-L1","WEST-2024-L1-B1",1,1,12,16.02,8.24,75,260.21,115.58,8.85
"PLA-014xZM-0003","PLA-014","ZM-0003","WEST-2024-L1","WEST-2024-L1-B1",1,9,1,12.44,8.9,76.58,251.89,113.68,7.86
"PLA-008xZM-0003","PLA-008","ZM-0003","WEST-2024-L1","WEST-2024-L1-B1",1,10,7,12.62,8.37,74.8,254.59,117.63,5.88
"PLA-058xZM-0003","PLA-058","ZM-0003","WEST-2024-L1","WEST-2024-L1-B1",1,11,8,17.05,8.52,72.66,282.32,107.19,9.49
"PLA-024xZM-0003","PLA-024","ZM-0003","WEST-2024-L1","WEST-2024-L1-B1",1,11,10,12.89,8.62,80.75,268.21,121.21,8.58
"PLB-026xZM-0003","PLB-026","ZM-0003","WEST-2024-L1","WEST-2024-L1-B1",1,11,3,11.92,8.9,75.1,264.04,116.57,9.7
"PLB-045xZM-0003","PLB-045","ZM-0003","WEST-2024-L1","WEST-2024-L1-B1",1,10,3,14.31,8.76,73.44,257.69,117.93,8.94
"PLB-033xZM-0003","PLB-033","ZM-0003","WEST-2024-L1","WEST-2024-L1-B1",1,5,1,9.5,7.93,70.97,249.02,113.2,6.64
"PLB-030xZM-0003","PLB-030","ZM-0003","WEST-2024-L1","WEST-2024-L1-B1",1,5,5,10.29,7.91,71.07,236.66,116.95,6.01
"PLB-048xZM-0003","PLB-048","ZM-0003","WEST-2024-L1","WEST-2024-L1-B1",1,8,7,11.35,7.61,72.51,237.68,108.02,7.52
"PLB-052xZM-0003","PLB-052","ZM-0003","WEST-2024-L1","WEST-2024-L1-B1",1,12,11,15.46,8.37,73.68,279.89,118.64,9.82
"PLB-022xZM-0003","PLB-022","ZM-0003","WEST-2024-L1","WEST-2024-L1-B1",1,8,10,12.65,8.22,69.12,245.02,116.73,8.36
"PLB-008xZM-0003","PLB-008","ZM-0003","WEST-2024-L1","WEST-2024-L1-B1",1,7,7,6.31,6.28,71.9,272.52,114.14,8
"PLA-025xZM-0001","PLA-025","ZM-0001","WEST-2024-L1","WEST-2024-L1-B2",2,2,8,13.59,8.52,74.8,259.51,113.92,7.61
"PLA-015xZM-0001","PLA-015","ZM-0001","WEST-2024-L1","WEST-2024-L1-B2",2,4,3,13.82,7.92,69.65,271.26,109.06,7.03
"PLA-053xZM-0001","PLA-053","ZM-0001","WEST-2024-L1","WEST-2024-L1-B2",2,4,4,13.21,8.38,65.77,254.63,108.71,6.95
"PLA-055xZM-0001","PLA-055","ZM-0001","WEST-2024-L1","WEST-2024-L1-B2",2,11,1,14.64,9.07,76.97,249.62,110.75,6.42
"PLA-014xZM-0001","PLA-014","ZM-0001","WEST-2024-L1","WEST-2024-L1-B2",2,2,7,15.13,9.91,71.24,246.57,112.26,8.75
"PLA-008xZM-0001","PLA-008","ZM-0001","WEST-2024-L1","WEST-2024-L1-B2",2,6,2,14.3,9.03,74.15,270.85,117.85,7.67
"PLA-058xZM-0001","PLA-058","ZM-0001","WEST-2024-L1","WEST-2024-L1-B2",2,4,12,18.87,7.59,68.18,259.53,107.86,7.88
"PLA-024xZM-0001","PLA-024","ZM-0001","WEST-2024-L1","WEST-2024-L1-B2",2,10,9,11.89,9.76,74.33,257.39,115.45,7.51
"PLB-026xZM-0001","PLB-026","ZM-0001","WEST-2024-L1","WEST-2024-L1-B2",2,2,2,12.55,9.85,76.26,273.01,119.16,6.59
"PLB-045xZM-0001","PLB-045","ZM-0001","WEST-2024-L1","WEST-2024-L1-B2",2,10,6,15.91,8.83,67.48,235.49,121.2,7.14
"PLB-033xZM-0001","PLB-033","ZM-0001","WEST-2024-L1","WEST-2024-L1-B2",2,8,2,13.47,7.7,70.65,239.98,110.4,5.92
"PLB-030xZM-0001","PLB-030","ZM-0001","WEST-2024-L1","WEST-2024-L1-B2",2,12,5,13.42,8.68,74.28,251.38,120.49,8.02
"PLB-048xZM-0001","PLB-048","ZM-0001","WEST-2024-L1","WEST-2024-L1-B2",2,11,7,9.8,7.99,69.89,282.75,105.72,8.27
"PLB-052xZM-0001","PLB-052","ZM-0001","WEST-2024-L1","WEST-2024-L1-B2",2,10,4,14.21,7.9,66.85,239.48,111.82,8.15
"PLB-022xZM-0001","PLB-022","ZM-0001","WEST-2024-L1","WEST-2024-L1-B2",2,5,8,10.24,7.54,61.99,253.32,112.08,6.86
"PLB-008xZM-0001","PLB-008","ZM-0001","WEST-2024-L1","WEST-2024-L1-B2",2,9,7,8.95,8.54,74.29,251.29,114,7.78
"PLA-025xZM-0002","PLA-025","ZM-0002","WEST-2024-L1","WEST-2024-L1-B2",2,8,8,15.26,8.02,74.04,244,106.31,6.73
"PLA-015xZM-0002","PLA-015","ZM-0002","WEST-2024-L1","WEST-2024-L1-B2",2,8,6,17.28,7.94,71.66,233.06,107.63,7.19
"PLA-053xZM-0002","PLA-053","ZM-0002","WEST-2024-L1","WEST-2024-L1-B2",2,9,2,14.08,8.21,75.22,238.45,110.26,7.78
"PLA-055xZM-0002","PLA-055","ZM-0002","WEST-2024-L1","WEST-2024-L1-B2",2,8,9,13.7,7.53,72.72,233.26,107.17,6.73
"PLA-014xZM-0002","PLA-014","ZM-0002","WEST-2024-L1","WEST-2024-L1-B2",2,5,3,16,8.61,71.42,239.51,115.81,6.49
"PLA-008xZM-0002","PLA-008","ZM-0002","WEST-2024-L1","WEST-2024-L1-B2",2,4,6,14.97,6.66,70.02,241.62,116.07,6.65
"PLA-058xZM-0002","PLA-058","ZM-0002","WEST-2024-L1","WEST-2024-L1-B2",2,12,2,16.52,7.55,74.77,267.18,113.76,9.61
"PLA-024xZM-0002","PLA-024","ZM-0002","WEST-2024-L1","WEST-2024-L1-B2",2,10,12,18.59,8.35,73.6,246.63,116.37,7.13
"PLB-026xZM-0002","PLB-026","ZM-0002","WEST-2024-L1","WEST-2024-L1-B2",2,5,4,13.58,9.24,74.22,251.73,116.15,6.84
"PLB-045xZM-0002","PLB-045","ZM-0002","WEST-2024-L1","WEST-2024-L1-B2",2,2,6,16.57,8.79,75.79,271.84,122.38,6.52
"PLB-033xZM-0002","PLB-033","ZM-0002","WEST-2024-L1","WEST-2024-L1-B2",2,2,4,12.84,8.96,74.19,233.95,116.8,6.89
"PLB-030xZM-0002","PLB-030","ZM-0002","WEST-2024-L1","WEST-2024-L1-B2",2,9,8,11.39,7.85,72.96,251.44,113.02,5.53
"PLB-048xZM-0002","PLB-048","ZM-0002","WEST-2024-L1","WEST-2024-L1-B2",2,2,3,15.51,8.35,70.33,261.24,113.78,7.22
"PLB-052xZM-0002","PLB-052","ZM-0002","WEST-2024-L1","WEST-2024-L1-B2",2,10,8,13.55,8.87,69.31,253.97,113.38,6.92
"PLB-022xZM-0002","PLB-022","ZM-0002","WEST-2024-L1","WEST-2024-L1-B2",2,4,1,13.08,7.55,71.87,255.82,114.02,7.38
"PLB-008xZM-0002","PLB-008","ZM-0002","WEST-2024-L1","WEST-2024-L1-B2",2,11,11,14.63,8.21,71.2,251.1,115.33,7.02
"PLA-025xZM-0003","PLA-025","ZM-0003","WEST-2024-L1","WEST-2024-L1-B2",2,3,4,11.42,7.64,80.85,266.63,117.07,8.43
"PLA-015xZM-0003","PLA-015","ZM-0003","WEST-2024-L1","WEST-2024-L1-B2",2,2,11,14.91,7.83,75.91,277.12,115.36,7.83
"PLA-053xZM-0003","PLA-053","ZM-0003","WEST-2024-L1","WEST-2024-L1-B2",2,1,1,17.85,9.03,80.18,295.11,118.85,8.71
"PLA-055xZM-0003","PLA-055","ZM-0003","WEST-2024-L1","WEST-2024-L1-B2",2,4,11,16.39,8.02,75.24,255.8,117.03,6.35
"PLA-014xZM-0003","PLA-014","ZM-0003","WEST-2024-L1","WEST-2024-L1-B2",2,9,5,15.74,7.79,79.36,242.82,114.82,9.45
"PLA-008xZM-0003","PLA-008","ZM-0003","WEST-2024-L1","WEST-2024-L1-B2",2,8,3,14.74,7.23,75.54,250.91,120.89,7.23
"PLA-058xZM-0003","PLA-058","ZM-0003","WEST-2024-L1","WEST-2024-L1-B2",2,6,5,15.45,7.64,70.28,260.2,109.72,7.81
"PLA-024xZM-0003","PLA-024","ZM-0003","WEST-2024-L1","WEST-2024-L1-B2",2,4,5,13.35,8.56,77.02,281.05,118.62,6.99
"PLB-026xZM-0003","PLB-026","ZM-0003","WEST-2024-L1","WEST-2024-L1-B2",2,6,10,12.29,7.33,74.4,248.44,114.54,7.43
"PLB-045xZM-0003","PLB-045","ZM-0003","WEST-2024-L1","WEST-2024-L1-B2",2,3,3,13.02,8.71,72.89,244.18,117.56,7.82
"PLB-033xZM-0003","PLB-033","ZM-0003","WEST-2024-L1","WEST-2024-L1-B2",2,5,11,12.79,6.58,73,265.08,113.61,5.98
"PLB-030xZM-0003","PLB-030","ZM-0003","WEST-2024-L1","WEST-2024-L1-B2",2,1,4,15.9,9.4,76.42,257.21,120.37,7.87
"PLB-048xZM-0003","PLB-048","ZM-0003","WEST-2024-L1","WEST-2024-L1-B2",2,9,12,12.02,7.2,72.79,272.71,113.61,7.27
"PLB-052xZM-0003","PLB-052","ZM-0003","WEST-2024-L1","WEST-2024-L1-B2",2,7,3,15.05,8.31,74.97,247.67,120.3,9.59
"PLB-022xZM-0003","PLB-022","ZM-0003","WEST-2024-L1","WEST-2024-L1-B2",2,3,10,10.6,7.91,73.27,241.78,118.02,10.27
"PLB-008xZM-0003","PLB-008","ZM-0003","WEST-2024-L1","WEST-2024-L1-B2",2,10,11,11.63,7.75,75.5,265.17,113.14,9.21
"PLA-025xZM-0001","PLA-025","ZM-0001","WEST-2024-L1","WEST-2024-L1-B3",3,6,7,13.29,8.54,70.18,257.92,111.49,6.58
"PLA-015xZM-0001","PLA-015","ZM-0001","WEST-2024-L1","WEST-2024-L1-B3",3,9,10,11.8,9.05,73.33,270.35,110.85,8.37
"PLA-053xZM-0001","PLA-053","ZM-0001","WEST-2024-L1","WEST-2024-L1-B3",3,10,1,12.22,9.16,69.18,265.25,111.71,10.25
"PLA-055xZM-0001","PLA-055","ZM-0001","WEST-2024-L1","WEST-2024-L1-B3",3,6,11,14.62,8.46,64.19,250.09,113.56,6.6
"PLA-014xZM-0001","PLA-014","ZM-0001","WEST-2024-L1","WEST-2024-L1-B3",3,7,2,13.15,9.72,69.3,236.6,112.11,7.76
"PLA-008xZM-0001","PLA-008","ZM-0001","WEST-2024-L1","WEST-2024-L1-B3",3,3,5,15.2,9.14,74.98,256.32,113.59,8.05
"PLA-058xZM-0001","PLA-058","ZM-0001","WEST-2024-L1","WEST-2024-L1-B3",3,12,10,18.17,9.68,71.6,280.13,113.01,9.29
"PLA-024xZM-0001","PLA-024","ZM-0001","WEST-2024-L1","WEST-2024-L1-B3",3,12,6,13.9,9.72,76.18,275.31,119.97,7.81
"PLB-026xZM-0001","PLB-026","ZM-0001","WEST-2024-L1","WEST-2024-L1-B3",3,4,7,9.26,9.38,68.06,250.49,112.84,5.69
"PLB-045xZM-0001","PLB-045","ZM-0001","WEST-2024-L1","WEST-2024-L1-B3",3,3,7,14.74,8.3,70.79,260.15,116.22,7.86
"PLB-033xZM-0001","PLB-033","ZM-0001","WEST-2024-L1","WEST-2024-L1-B3",3,5,10,13.02,8.79,69.9,240.62,112.75,7.34
"PLB-030xZM-0001","PLB-030","ZM-0001","WEST-2024-L1","WEST-2024-L1-B3",3,7,1,10.74,8.97,74.85,261.97,110.39,8.47
"PLB-048xZM-0001","PLB-048","ZM-0001","WEST-2024-L1","WEST-2024-L1-B3",3,9,11,10.15,9.08,68.06,264.81,105.5,8.65
"PLB-052xZM-0001","PLB-052","ZM-0001","WEST-2024-L1","WEST-2024-L1-B3",3,1,10,14,9.45,67.08,285.94,114.78,9.08
"PLB-022xZM-0001","PLB-022","ZM-0001","WEST-2024-L1","WEST-2024-L1-B3",3,1,2,14.8,8.88,70.2,268.65,121.5,7.79
"PLB-008xZM-0001","PLB-008","ZM-0001","WEST-2024-L1","WEST-2024-L1-B3",3,3,6,11.12,9.09,69.88,274.58,111.42,7.52
"PLA-025xZM-0002","PLA-025","ZM-0002","WEST-2024-L1","WEST-2024-L1-B3",3,11,6,15.77,8.64,75.22,243.24,110.03,7.34
"PLA-015xZM-0002","PLA-015","ZM-0002","WEST-2024-L1","WEST-2024-L1-B3",3,11,4,17.62,8.37,75.67,277.35,109.09,7.58
"PLA-053xZM-0002","PLA-053","ZM-0002","WEST-2024-L1","WEST-2024-L1-B3",3,12,3,15.59,9.37,73.15,266.88,117.33,9.61
"PLA-055xZM-0002","PLA-055","ZM-0002","WEST-2024-L1","WEST-2024-L1-B3",3,5,2,17.22,8.27,70.25,248.63,114.18,6.76
"PLA-014xZM-0002","PLA-014","ZM-0002","WEST-2024-L1","WEST-2024-L1-B3",3,11,5,14.18,9.15,74.08,256.75,114.75,6.83
"PLA-008xZM-0002","PLA-008","ZM-0002","WEST-2024-L1","WEST-2024-L1-B3",3,10,5,17.04,7.53,74.1,251.2,113.79,7.4
"PLA-058xZM-0002","PLA-058","ZM-0002","WEST-2024-L1","WEST-2024-L1-B3",3,1,8,20.33,7.85,73.48,276.62,114.24,10.18
"PLA-024xZM-0002","PLA-024","ZM-0002","WEST-2024-L1","WEST-2024-L1-B3",3,5,9,17.78,8.43,71.47,238.99,113.55,6.32
"PLB-026xZM-0002","PLB-026","ZM-0002","WEST-2024-L1","WEST-2024-L1-B3",3,7,4,13.48,7.56,73.4,254.09,111.14,5.85
"PLB-045xZM-0002","PLB-045","ZM-0002","WEST-2024-L1","WEST-2024-L1-B3",3,4,10,15.77,8.24,69.7,242.9,112.08,6.23
"PLB-033xZM-0002","PLB-033","ZM-0002","WEST-2024-L1","WEST-2024-L1-B3",3,3,1,15.54,8,69.86,234.41,113.04,7.13
"PLB-030xZM-0002","PLB-030","ZM-0002","WEST-2024-L1","WEST-2024-L1-B3",3,8,1,12.04,8.15,70.84,253.89,112.13,6.94
"PLB-048xZM-0002","PLB-048","ZM-0002","WEST-2024-L1","WEST-2024-L1-B3",3,6,3,13.64,7.09,73.43,235.13,105.02,6.29
"PLB-052xZM-0002","PLB-052","ZM-0002","WEST-2024-L1","WEST-2024-L1-B3",3,7,8,12.55,9.45,71.49,255.52,113.43,8.37
"PLB-022xZM-0002","PLB-022","ZM-0002","WEST-2024-L1","WEST-2024-L1-B3",3,12,9,15.04,8.26,73.79,257.74,115.56,8.55
"PLB-008xZM-0002","PLB-008","ZM-0002","WEST-2024-L1","WEST-2024-L1-B3",3,9,4,11.15,7.71,74.19,242.31,113.58,6.13
"PLA-025xZM-0003","PLA-025","ZM-0003","WEST-2024-L1","WEST-2024-L1-B3",3,7,6,14.09,6.85,71.77,264.29,108.42,8.9
"PLA-015xZM-0003","PLA-015","ZM-0003","WEST-2024-L1","WEST-2024-L1-B3",3,7,5,13.81,8.36,76.99,254.25,107.8,7.8
"PLA-053xZM-0003","PLA-053","ZM-0003","WEST-2024-L1","WEST-2024-L1-B3",3,6,9,14.33,6.36,73.86,270.65,112.86,8.61
"PLA-055xZM-0003","PLA-055","ZM-0003","WEST-2024-L1","WEST-2024-L1-B3",3,2,1,17.73,7.95,74.31,256.15,112.89,7.93
"PLA-014xZM-0003","PLA-014","ZM-0003","WEST-2024-L1","WEST-2024-L1-B3",3,2,12,14.2,9.27,75.37,264.39,116.68,9.01
"PLA-008xZM-0003","PLA-008","ZM-0003","WEST-2024-L1","WEST-2024-L1-B3",3,1,6,15.86,8.52,74.68,293.58,119.59,9.18
"PLA-058xZM-0003","PLA-058","ZM-0003","WEST-2024-L1","WEST-2024-L1-B3",3,3,9,18.88,7.7,68.24,259.47,110.84,7.61
"PLA-024xZM-0003","PLA-024","ZM-0003","WEST-2024-L1","WEST-2024-L1-B3",3,5,6,12.41,8.07,73.23,269.64,117.95,8.11
"PLB-026xZM-0003","PLB-026","ZM-0003","WEST-2024-L1","WEST-2024-L1-B3",3,9,9,12.62,6.72,78.16,256.4,115.21,7.81
"PLB-045xZM-0003","PLB-045","ZM-0003","WEST-2024-L1","WEST-2024-L1-B3",3,11,12,15.67,9.69,71.33,265.44,120.54,7.47
"PLB-033xZM-0003","PLB-033","ZM-0003","WEST-2024-L1","WEST-2024-L1-B3",3,7,12,11.38,7.24,69.76,265.75,116.19,5.58
"PLB-030xZM-0003","PLB-030","ZM-0003","WEST-2024-L1","WEST-2024-L1-B3",3,3,2,11.07,7.86,71.66,261.35,113.1,7.4
"PLB-048xZM-0003","PLB-048","ZM-0003","WEST-2024-L1","WEST-2024-L1-B3",3,11,9,11.66,8.26,76.34,262.72,113.02,7.12
"PLB-052xZM-0003","PLB-052","ZM-0003","WEST-2024-L1","WEST-2024-L1-B3",3,1,9,13.78,8.45,77.33,269.46,117.29,10.46
"PLB-022xZM-0003","PLB-022","ZM-0003","WEST-2024-L1","WEST-2024-L1-B3",3,12,7,14.61,8.93,70.51,263.39,117.56,8.99
"PLB-008xZM-0003","PLB-008","ZM-0003","WEST-2024-L1","WEST-2024-L1-B3",3,6,6,11.4,6.55,73.6,273.49,111.93,7.95
"PLA-025xZM-0001","PLA-025","ZM-0001","WEST-2024-L2","WEST-2024-L2-B1",1,5,6,15.5,10.39,66.52,284.77,118.09,7.14
"PLA-015xZM-0001","PLA-015","ZM-0001","WEST-2024-L2","WEST-2024-L2-B1",1,2,4,13.15,10.71,77.63,282.01,117.98,9.67
"PLA-053xZM-0001","PLA-053","ZM-0001","WEST-2024-L2","WEST-2024-L2-B1",1,11,1,12.45,9.85,73.06,298.12,124.57,10.52
"PLA-055xZM-0001","PLA-055","ZM-0001","WEST-2024-L2","WEST-2024-L2-B1",1,9,7,15.87,10.94,73.76,284.16,117.71,7.74
"PLA-014xZM-0001","PLA-014","ZM-0001","WEST-2024-L2","WEST-2024-L2-B1",1,10,7,13.29,11.23,77.23,270.62,121.93,8.52
"PLA-008xZM-0001","PLA-008","ZM-0001","WEST-2024-L2","WEST-2024-L2-B1",1,4,6,14.69,10.27,77.37,284.87,125.31,8.25
"PLA-058xZM-0001","PLA-058","ZM-0001","WEST-2024-L2","WEST-2024-L2-B1",1,6,11,14.92,8.92,70.93,279.98,118.48,8.52
"PLA-024xZM-0001","PLA-024","ZM-0001","WEST-2024-L2","WEST-2024-L2-B1",1,6,6,15.1,10.51,76.2,248.61,124.11,9.38
"PLB-026xZM-0001","PLB-026","ZM-0001","WEST-2024-L2","WEST-2024-L2-B1",1,11,2,14.33,10.42,73.38,267.45,125.58,7.34
"PLB-045xZM-0001","PLB-045","ZM-0001","WEST-2024-L2","WEST-2024-L2-B1",1,11,6,18.85,9.86,76.38,276.17,126.05,9.21
"PLB-033xZM-0001","PLB-033","ZM-0001","WEST-2024-L2","WEST-2024-L2-B1",1,4,12,11.16,10.48,71.73,281.17,121.38,8.24
"PLB-030xZM-0001","PLB-030","ZM-0001","WEST-2024-L2","WEST-2024-L2-B1",1,9,8,11.44,10.61,74.61,267.35,122.92,7.47
"PLB-048xZM-0001","PLB-048","ZM-0001","WEST-2024-L2","WEST-2024-L2-B1",1,11,9,10.39,9.51,74.79,291.95,111.56,9.21
"PLB-052xZM-0001","PLB-052","ZM-0001","WEST-2024-L2","WEST-2024-L2-B1",1,6,8,13,10.16,74.6,274.75,119.23,8.85
"PLB-022xZM-0001","PLB-022","ZM-0001","WEST-2024-L2","WEST-2024-L2-B1",1,12,3,14.32,10.11,71.3,267.26,125.82,9.24
"PLB-008xZM-0001","PLB-008","ZM-0001","WEST-2024-L2","WEST-2024-L2-B1",1,4,4,10.55,10.45,71.93,294.27,120.57,8.76
"PLA-025xZM-0002","PLA-025","ZM-0002","WEST-2024-L2","WEST-2024-L2-B1",1,7,11,14.62,9.56,73.09,242.63,114.92,8.39
"PLA-015xZM-0002","PLA-015","ZM-0002","WEST-2024-L2","WEST-2024-L2-B1",1,10,9,15.58,9.24,75.16,272.68,116.86,8.29
"PLA-053xZM-0002","PLA-053","ZM-0002","WEST-2024-L2","WEST-2024-L2-B1",1,8,1,14.1,10.88,74.48,270.28,120.44,9.48
"PLA-055xZM-0002","PLA-055","ZM-0002","WEST-2024-L2","WEST-2024-L2-B1",1,8,10,12.54,9.28,74.64,274.13,119.7,7.17
"PLA-014xZM-0002","PLA-014","ZM-0002","WEST-2024-L2","WEST-2024-L2-B1",1,7,5,16.39,10.93,77.18,244.63,122.58,9.48
"PLA-008xZM-0002","PLA-008","ZM-0002","WEST-2024-L2","WEST-2024-L2-B1",1,2,9,15.29,11.34,76.77,254.17,128.24,7.46
"PLA-058xZM-0002","PLA-058","ZM-0002","WEST-2024-L2","WEST-2024-L2-B1",1,9,6,16.7,8.5,72.12,271.11,118.82,9.35
"PLA-024xZM-0002","PLA-024","ZM-0002","WEST-2024-L2","WEST-2024-L2-B1",1,5,2,13.74,10.94,76.4,277.43,124.01,8.29
"PLB-026xZM-0002","PLB-026","ZM-0002","WEST-2024-L2","WEST-2024-L2-B1",1,3,3,14.96,10.8,77.63,260.42,123.51,8.6
"PLB-045xZM-0002","PLB-045","ZM-0002","WEST-2024-L2","WEST-2024-L2-B1",1,8,2,15.15,9.81,76.26,262.43,129.41,9.1
"PLB-033xZM-0002","PLB-033","ZM-0002","WEST-2024-L2","WEST-2024-L2-B1",1,12,5,11.45,9.89,74.69,240.26,119.16,7.61
"PLB-030xZM-0002","PLB-030","ZM-0002","WEST-2024-L2","WEST-2024-L2-B1",1,8,6,13.17,10.8,79.15,255.5,123.32,8.43
"PLB-048xZM-0002","PLB-048","ZM-0002","WEST-2024-L2","WEST-2024-L2-B1",1,10,1,13.25,8.73,76.71,263.06,116.33,8.89
"PLB-052xZM-0002","PLB-052","ZM-0002","WEST-2024-L2","WEST-2024-L2-B1",1,5,11,14.43,9.77,75.45,276.4,123.65,8.62
"PLB-022xZM-0002","PLB-022","ZM-0002","WEST-2024-L2","WEST-2024-L2-B1",1,11,7,14.3,9.17,74.99,275.04,119.62,9.59
"PLB-008xZM-0002","PLB-008","ZM-0002","WEST-2024-L2","WEST-2024-L2-B1",1,2,6,12.98,9.74,72.19,291.12,120.14,7.6
"PLA-025xZM-0003","PLA-025","ZM-0003","WEST-2024-L2","WEST-2024-L2-B1",1,9,3,14.58,9.9,80.65,270.32,118.47,10.62
"PLA-015xZM-0003","PLA-015","ZM-0003","WEST-2024-L2","WEST-2024-L2-B1",1,7,1,15.24,10.83,77.44,292.68,118.56,9.59
"PLA-053xZM-0003","PLA-053","ZM-0003","WEST-2024-L2","WEST-2024-L2-B1",1,6,2,18.96,9.66,83.8,256.28,125.47,10.52
"PLA-055xZM-0003","PLA-055","ZM-0003","WEST-2024-L2","WEST-2024-L2-B1",1,1,11,15.17,10.55,77.49,259.73,121.12,8.31
"PLA-014xZM-0003","PLA-014","ZM-0003","WEST-2024-L2","WEST-2024-L2-B1",1,12,1,16.21,10.57,82.06,277.18,129.93,9.49
"PLA-008xZM-0003","PLA-008","ZM-0003","WEST-2024-L2","WEST-2024-L2-B1",1,2,5,13.55,9.18,79.95,276.92,125.68,8.47
"PLA-058xZM-0003","PLA-058","ZM-0003","WEST-2024-L2","WEST-2024-L2-B1",1,8,11,17.78,8.83,72.58,299.68,115.77,8.69
"PLA-024xZM-0003","PLA-024","ZM-0003","WEST-2024-L2","WEST-2024-L2-B1",1,1,5,14.95,9.91,81.74,260.41,129.67,9.05
"PLB-026xZM-0003","PLB-026","ZM-0003","WEST-2024-L2","WEST-2024-L2-B1",1,9,11,10.96,9.18,79.61,263.73,122.3,9.72
"PLB-045xZM-0003","PLB-045","ZM-0003","WEST-2024-L2","WEST-2024-L2-B1",1,4,1,14.85,10.26,75.49,280.94,129.75,9.41
"PLB-033xZM-0003","PLB-033","ZM-0003","WEST-2024-L2","WEST-2024-L2-B1",1,12,9,13.16,10.2,76.72,286.06,123.57,8.81
"PLB-030xZM-0003","PLB-030","ZM-0003","WEST-2024-L2","WEST-2024-L2-B1",1,3,4,13.69,10.32,85.18,261.43,127.99,9.32
"PLB-048xZM-0003","PLB-048","ZM-0003","WEST-2024-L2","WEST-2024-L2-B1",1,8,8,8.92,9.24,78.22,289.92,119.77,8.2
"PLB-052xZM-0003","PLB-052","ZM-0003","WEST-2024-L2","WEST-2024-L2-B1",1,12,12,13.88,9.44,75.71,280.93,122.7,10.43
"PLB-022xZM-0003","PLB-022","ZM-0003","WEST-2024-L2","WEST-2024-L2-B1",1,12,8,11.8,10.01,76.1,277.33,123.66,10.24
"PLB-008xZM-0003","PLB-008","ZM-0003","WEST-2024-L2","WEST-2024-L2-B1",1,8,12,14.16,8.94,77.69,278.88,121.38,9.43
"PLA-025xZM-0001","PLA-025","ZM-0001","WEST-2024-L2","WEST-2024-L2-B2",2,4,10,13.27,10.42,71.99,269.32,121.14,7.14
"PLA-015xZM-0001","PLA-015","ZM-0001","WEST-2024-L2","WEST-2024-L2-B2",2,1,8,13.74,11.45,79.16,296.75,119.74,9.94
"PLA-053xZM-0001","PLA-053","ZM-0001","WEST-2024-L2","WEST-2024-L2-B2",2,5,7,13.66,10.24,71.66,272.48,123.99,11.06
"PLA-055xZM-0001","PLA-055","ZM-0001","WEST-2024-L2","WEST-2024-L2-B2",2,7,8,15.36,11.15,77.54,283.98,121.67,7.54
"PLA-014xZM-0001","PLA-014","ZM-0001","WEST-2024-L2","WEST-2024-L2-B2",2,3,2,15,11.74,76.58,270.41,124.3,8.83
"PLA-008xZM-0001","PLA-008","ZM-0001","WEST-2024-L2","WEST-2024-L2-B2",2,10,2,14.39,10.94,73.83,303.36,130.35,9.46
"PLA-058xZM-0001","PLA-058","ZM-0001","WEST-2024-L2","WEST-2024-L2-B2",2,3,6,18.75,10.96,69.98,279.48,117.73,8.5
"PLA-024xZM-0001","PLA-024","ZM-0001","WEST-2024-L2","WEST-2024-L2-B2",2,11,5,13.06,11.19,75.54,273.45,127.76,8.07
"PLB-026xZM-0001","PLB-026","ZM-0001","WEST-2024-L2","WEST-2024-L2-B2",2,11,11,9.03,10.17,70.28,271.83,122.19,8.03
"PLB-045xZM-0001","PLB-045","ZM-0001","WEST-2024-L2","WEST-2024-L2-B2",2,11,12,14.78,11.52,73.3,292.37,128.09,8.53
"PLB-033xZM-0001","PLB-033","ZM-0001","WEST-2024-L2","WEST-2024-L2-B2",2,8,3,11.95,11.22,75.73,270.78,126.29,7.59
"PLB-030xZM-0001","PLB-030","ZM-0001","WEST-2024-L2","WEST-2024-L2-B2",2,11,4,13.29,10.06,79.12,271.16,123.6,8.78
"PLB-048xZM-0001","PLB-048","ZM-0001","WEST-2024-L2","WEST-2024-L2-B2",2,7,12,13.6,10.79,66.41,280.35,119.88,8.13
"PLB-052xZM-0001","PLB-052","ZM-0001","WEST-2024-L2","WEST-2024-L2-B2",2,7,3,11.55,10.1,70.56,279.82,125.32,10.49
"PLB-022xZM-0001","PLB-022","ZM-0001","WEST-2024-L2","WEST-2024-L2-B2",2,12,2,14.28,10.26,71.5,277.47,127.29,7.64
"PLB-008xZM-0001","PLB-008","ZM-0001","WEST-2024-L2","WEST-2024-L2-B2",2,3,8,12.13,10.51,74.11,285.53,120.15,7.99
"PLA-025xZM-0002","PLA-025","ZM-0002","WEST-2024-L2","WEST-2024-L2-B2",2,9,1,15.75,8.94,77.25,269.26,118.76,9.5
"PLA-015xZM-0002","PLA-015","ZM-0002","WEST-2024-L2","WEST-2024-L2-B2",2,1,4,17.38,11.13,78.52,289.7,119.3,8.73
"PLA-053xZM-0002","PLA-053","ZM-0002","WEST-2024-L2","WEST-2024-L2-B2",2,5,5,15.6,9.38,73.26,247.88,123.71,9.89
"PLA-055xZM-0002","PLA-055","ZM-0002","WEST-2024-L2","WEST-2024-L2-B2",2,2,3,13.89,10.94,79,264.44,119.92,8.06
"PLA-014xZM-0002","PLA-014","ZM-0002","WEST-2024-L2","WEST-2024-L2-B2",2,8,7,13.62,10.15,73.02,236.24,124.4,8.17
"PLA-008xZM-0002","PLA-008","ZM-0002","WEST-2024-L2","WEST-2024-L2-B2",2,5,10,13.74,9.52,74.33,248.41,125.34,7.72
"PLA-058xZM-0002","PLA-058","ZM-0002","WEST-2024-L2","WEST-2024-L2-B2",2,6,4,18.22,9.79,71.93,280.19,121.27,9.91
"PLA-024xZM-0002","PLA-024","ZM-0002","WEST-2024-L2","WEST-2024-L2-B2",2,12,6,16.01,10.63,76.69,240.66,127.94,9.2
"PLB-026xZM-0002","PLB-026","ZM-0002","WEST-2024-L2","WEST-2024-L2-B2",2,5,3,11.95,11.39,73.9,244.21,125.49,8.83
"PLB-045xZM-0002","PLB-045","ZM-0002","WEST-2024-L2","WEST-2024-L2-B2",2,10,11,12.82,9.38,78.19,265.21,125.67,8.61
"PLB-033xZM-0002","PLB-033","ZM-0002","WEST-2024-L2","WEST-2024-L2-B2",2,7,2,15.38,11.41,78.8,245.28,118.94,7.52
"PLB-030xZM-0002","PLB-030","ZM-0002","WEST-2024-L2","WEST-2024-L2-B2",2,2,12,12.92,10.52,78.37,257.04,122.53,8.82
"PLB-048xZM-0002","PLB-048","ZM-0002","WEST-2024-L2","WEST-2024-L2-B2",2,9,12,11.79,10.29,74.55,268.9,119.27,8.19
"PLB-052xZM-0002","PLB-052","ZM-0002","WEST-2024-L2","WEST-2024-L2-B2",2,4,11,12.14,9.26,73.96,256.98,123.39,9.49
"PLB-022xZM-0002","PLB-022","ZM-0002","WEST-2024-L2","WEST-2024-L2-B2",2,10,12,12.01,9.23,72.4,272.06,120.5,8.38
"PLB-008xZM-0002","PLB-008","ZM-0002","WEST-2024-L2","WEST-2024-L2-B2",2,10,5,12.62,9.96,73.93,285.97,118.81,7.89
"PLA-025xZM-0003","PLA-025","ZM-0003","WEST-2024-L2","WEST-2024-L2-B2",2,10,8,15,9.44,76.83,265.12,122.93,9.95
"PLA-015xZM-0003","PLA-015","ZM-0003","WEST-2024-L2","WEST-2024-L2-B2",2,6,3,15.85,10.01,81.69,284.39,120.54,9.93
"PLA-053xZM-0003","PLA-053","ZM-0003","WEST-2024-L2","WEST-2024-L2-B2",2,7,7,14.36,9.99,73.04,273.25,124.15,9.52
"PLA-055xZM-0003","PLA-055","ZM-0003","WEST-2024-L2","WEST-2024-L2-B2",2,6,5,13.97,9.13,77.92,260.03,124.32,8.65
"PLA-014xZM-0003","PLA-014","ZM-0003","WEST-2024-L2","WEST-2024-L2-B2",2,1,3,13.46,10.74,77.19,280.8,132.34,9.23
"PLA-008xZM-0003","PLA-008","ZM-0003","WEST-2024-L2","WEST-2024-L2-B2",2,8,4,14.51,9.46,78.15,275.54,127.13,9.72
"PLA-058xZM-0003","PLA-058","ZM-0003","WEST-2024-L2","WEST-2024-L2-B2",2,4,9,17.78,9.62,76.78,288.92,115.76,8.07
"PLA-024xZM-0003","PLA-024","ZM-0003","WEST-2024-L2","WEST-2024-L2-B2",2,8,9,12.03,10.35,78.31,271.04,132.01,9.05
"PLB-026xZM-0003","PLB-026","ZM-0003","WEST-2024-L2","WEST-2024-L2-B2",2,7,9,14.56,9.84,75.65,244.4,124.73,7.96
"PLB-045xZM-0003","PLB-045","ZM-0003","WEST-2024-L2","WEST-2024-L2-B2",2,2,8,15.54,10.18,75.39,289.31,125.3,9.44
"PLB-033xZM-0003","PLB-033","ZM-0003","WEST-2024-L2","WEST-2024-L2-B2",2,4,3,14.08,9.5,74.05,276.55,128.76,7.85
"PLB-030xZM-0003","PLB-030","ZM-0003","WEST-2024-L2","WEST-2024-L2-B2",2,2,7,12.65,11.08,80.67,272.93,123.87,9.7
"PLB-048xZM-0003","PLB-048","ZM-0003","WEST-2024-L2","WEST-2024-L2-B2",2,9,2,10.43,9.22,73.54,273.15,118.71,9.26
"PLB-052xZM-0003","PLB-052","ZM-0003","WEST-2024-L2","WEST-2024-L2-B2",2,2,2,14.34,10.32,77.41,295.08,123.3,11.16
"PLB-022xZM-0003","PLB-022","ZM-0003","WEST-2024-L2","WEST-2024-L2-B2",2,4,7,11.86,10.47,74.44,289.1,124.4,9.88
"PLB-008xZM-0003","PLB-008","ZM-0003","WEST-2024-L2","WEST-2024-L2-B2",2,9,10,9.52,8.57,76.6,270.14,122.41,8.62
"PLA-025xZM-0001","PLA-025","ZM-0001","WEST-2024-L2","WEST-2024-L2-B3",3,10,6,14.58,11.31,75.95,286.53,122.64,8.12
"PLA-015xZM-0001","PLA-015","ZM-0001","WEST-2024-L2","WEST-2024-L2-B3",3,3,1,15.4,10.83,80.5,286.61,124.68,9.25
"PLA-053xZM-0001","PLA-053","ZM-0001","WEST-2024-L2","WEST-2024-L2-B3",3,4,2,14.09,11.08,76.94,281.46,123.5,9.37
"PLA-055xZM-0001","PLA-055","ZM-0001","WEST-2024-L2","WEST-2024-L2-B3",3,3,7,13.71,9.62,76.79,260.32,119.81,7.12
"PLA-014xZM-0001","PLA-014","ZM-0001","WEST-2024-L2","WEST-2024-L2-B3",3,11,3,12.89,13.14,76.87,251.95,121.57,10.19
"PLA-008xZM-0001","PLA-008","ZM-0001","WEST-2024-L2","WEST-2024-L2-B3",3,3,5,16.11,10.75,79.07,287.96,125.59,8.65
"PLA-058xZM-0001","PLA-058","ZM-0001","WEST-2024-L2","WEST-2024-L2-B3",3,1,2,18.39,10.16,71.67,290.13,119.76,9.47
"PLA-024xZM-0001","PLA-024","ZM-0001","WEST-2024-L2","WEST-2024-L2-B3",3,3,9,14,11.48,77.1,278.29,124.58,8.6
"PLB-026xZM-0001","PLB-026","ZM-0001","WEST-2024-L2","WEST-2024-L2-B3",3,12,10,13.31,11.7,74.69,277.75,119.67,8.18
"PLB-045xZM-0001","PLB-045","ZM-0001","WEST-2024-L2","WEST-2024-L2-B3",3,1,7,13.69,9.78,73.63,273.94,128.26,8.69
"PLB-033xZM-0001","PLB-033","ZM-0001","WEST-2024-L2","WEST-2024-L2-B3",3,3,12,10.9,9.91,75.37,280.13,122.68,7.37
"PLB-030xZM-0001","PLB-030","ZM-0001","WEST-2024-L2","WEST-2024-L2-B3",3,11,8,11.46,9.81,81.23,258.06,123.27,8.12
"PLB-048xZM-0001","PLB-048","ZM-0001","WEST-2024-L2","WEST-2024-L2-B3",3,9,9,13.42,10.88,75.82,283.8,117.23,8.19
"PLB-052xZM-0001","PLB-052","ZM-0001","WEST-2024-L2","WEST-2024-L2-B3",3,4,5,15.59,10.78,71.14,265.93,127.92,10.35
"PLB-022xZM-0001","PLB-022","ZM-0001","WEST-2024-L2","WEST-2024-L2-B3",3,9,4,16.21,10.06,73.02,282.78,123.43,9.21
"PLB-008xZM-0001","PLB-008","ZM-0001","WEST-2024-L2","WEST-2024-L2-B3",3,1,10,12.28,11.14,77.61,270.93,121.78,7.77
"PLA-025xZM-0002","PLA-025","ZM-0002","WEST-2024-L2","WEST-2024-L2-B3",3,5,1,16.61,10.22,78.95,292.03,111.92,9.01
"PLA-015xZM-0002","PLA-015","ZM-0002","WEST-2024-L2","WEST-2024-L2-B3",3,6,7,14.92,10.68,83.31,262.99,115.32,8.23
"PLA-053xZM-0002","PLA-053","ZM-0002","WEST-2024-L2","WEST-2024-L2-B3",3,12,4,12.94,10.63,78.16,278.24,122.21,10.01
"PLA-055xZM-0002","PLA-055","ZM-0002","WEST-2024-L2","WEST-2024-L2-B3",3,3,11,11.84,10.74,79.41,253.22,120.28,8.01
"PLA-014xZM-0002","PLA-014","ZM-0002","WEST-2024-L2","WEST-2024-L2-B3",3,1,6,15.48,10.33,78.26,227.53,123.03,10.16
"PLA-008xZM-0002","PLA-008","ZM-0002","WEST-2024-L2","WEST-2024-L2-B3",3,7,6,15.37,9.44,76.34,271.46,124.46,8.66
"PLA-058xZM-0002","PLA-058","ZM-0002","WEST-2024-L2","WEST-2024-L2-B3",3,6,1,17.22,9.09,78.79,288.64,118.51,9.07
"PLA-024xZM-0002","PLA-024","ZM-0002","WEST-2024-L2","WEST-2024-L2-B3",3,5,12,15.98,11.17,78.68,279.67,124.02,8.41
"PLB-026xZM-0002","PLB-026","ZM-0002","WEST-2024-L2","WEST-2024-L2-B3",3,3,10,15.81,9.39,77.83,261,122.27,7.66
"PLB-045xZM-0002","PLB-045","ZM-0002","WEST-2024-L2","WEST-2024-L2-B3",3,7,10,14.4,10,81.89,279.17,123.84,9.81
"PLB-033xZM-0002","PLB-033","ZM-0002","WEST-2024-L2","WEST-2024-L2-B3",3,1,12,16.48,10.35,75.59,266.67,122.18,8.33
"PLB-030xZM-0002","PLB-030","ZM-0002","WEST-2024-L2","WEST-2024-L2-B3",3,9,5,13.73,10.57,84.21,266.7,121.79,8.53
"PLB-048xZM-0002","PLB-048","ZM-0002","WEST-2024-L2","WEST-2024-L2-B3",3,2,1,13.76,9.11,77.25,279.76,113.35,9.24
"PLB-052xZM-0002","PLB-052","ZM-0002","WEST-2024-L2","WEST-2024-L2-B3",3,6,9,12.5,9.34,75.81,278.02,122.69,8.68
"PLB-022xZM-0002","PLB-022","ZM-0002","WEST-2024-L2","WEST-2024-L2-B3",3,12,7,15.06,8.8,77.61,265.33,124.66,10.1
"PLB-008xZM-0002","PLB-008","ZM-0002","WEST-2024-L2","WEST-2024-L2-B3",3,10,4,13.38,9.19,80.42,269.35,123.55,8.15
"PLA-025xZM-0003","PLA-025","ZM-0003","WEST-2024-L2","WEST-2024-L2-B3",3,5,8,13.85,9.16,77.87,276.25,123.99,9.24
"PLA-015xZM-0003","PLA-015","ZM-0003","WEST-2024-L2","WEST-2024-L2-B3",3,8,5,15.14,11.14,81.29,288.13,124.14,9.75
"PLA-053xZM-0003","PLA-053","ZM-0003","WEST-2024-L2","WEST-2024-L2-B3",3,5,4,15.16,10.73,78.35,285.65,121.55,9.63
"PLA-055xZM-0003","PLA-055","ZM-0003","WEST-2024-L2","WEST-2024-L2-B3",3,5,9,15.09,10.58,82.6,260.92,119.91,7.83
"PLA-014xZM-0003","PLA-014","ZM-0003","WEST-2024-L2","WEST-2024-L2-B3",3,1,9,12.71,10.39,84.81,272.28,126.71,9.31
"PLA-008xZM-0003","PLA-008","ZM-0003","WEST-2024-L2","WEST-2024-L2-B3",3,11,10,13.86,9.88,81.63,269.67,125.88,9.71
"PLA-058xZM-0003","PLA-058","ZM-0003","WEST-2024-L2","WEST-2024-L2-B3",3,6,10,17.7,9.45,78.76,288.36,121.56,10.44
"PLA-024xZM-0003","PLA-024","ZM-0003","WEST-2024-L2","WEST-2024-L2-B3",3,4,8,15.15,10.39,84.21,273.26,127.49,8.59
"PLB-026xZM-0003","PLB-026","ZM-0003","WEST-2024-L2","WEST-2024-L2-B3",3,2,11,12.41,10.03,76.98,266.87,122.18,8.33
"PLB-045xZM-0003","PLB-045","ZM-0003","WEST-2024-L2","WEST-2024-L2-B3",3,7,4,17.16,10.02,79.29,270.46,130.46,9.33
"PLB-033xZM-0003","PLB-033","ZM-0003","WEST-2024-L2","WEST-2024-L2-B3",3,12,11,13.74,8.72,74.49,278.23,126.03,7.98
"PLB-030xZM-0003","PLB-030","ZM-0003","WEST-2024-L2","WEST-2024-L2-B3",3,6,12,11.72,10.55,83.17,265.97,126.3,9.28
"PLB-048xZM-0003","PLB-048","ZM-0003","WEST-2024-L2","WEST-2024-L2-B3",3,10,10,12.84,9.65,81.01,274.99,125.82,8.69
"PLB-052xZM-0003","PLB-052","ZM-0003","WEST-2024-L2","WEST-2024-L2-B3",3,10,3,13.86,10.84,79.67,279.26,129.48,10.28
"PLB-022xZM-0003","PLB-022","ZM-0003","WEST-2024-L2","WEST-2024-L2-B3",3,2,10,11.46,10.32,75.02,269.45,127.01,8.19
"PLB-008xZM-0003","PLB-008","ZM-0003","WEST-2024-L2","WEST-2024-L2-B3",3,1,1,11.44,9.98,82.15,271.18,125.44,9.66
"PLA-025xZM-0001","PLA-025","ZM-0001","WEST-2024-L3","WEST-2024-L3-B1",1,9,7,17.64,8.63,75.67,279.96,108.61,7.02
"PLA-015xZM-0001","PLA-015","ZM-0001","WEST-2024-L3","WEST-2024-L3-B1",1,12,3,17.04,9.65,77.49,288.37,113.23,8.29
"PLA-053xZM-0001","PLA-053","ZM-0001","WEST-2024-L3","WEST-2024-L3-B1",1,4,11,14.28,9.4,73.39,274.75,112.05,8.54
"PLA-055xZM-0001","PLA-055","ZM-0001","WEST-2024-L3","WEST-2024-L3-B1",1,8,12,14.92,9.75,72.7,257.86,112.01,5.99
"PLA-014xZM-0001","PLA-014","ZM-0001","WEST-2024-L3","WEST-2024-L3-B1",1,9,1,16.45,10.97,79.05,250.3,115.71,6.94
"PLA-008xZM-0001","PLA-008","ZM-0001","WEST-2024-L3","WEST-2024-L3-B1",1,9,2,18.45,10.48,83.05,289.61,119.28,8.06
"PLA-058xZM-0001","PLA-058","ZM-0001","WEST-2024-L3","WEST-2024-L3-B1",1,8,1,21.35,8.68,75.04,288.45,108.85,8.92
"PLA-024xZM-0001","PLA-024","ZM-0001","WEST-2024-L3","WEST-2024-L3-B1",1,1,5,16.79,10.38,80.58,272.6,116.64,7.26
"PLB-026xZM-0001","PLB-026","ZM-0001","WEST-2024-L3","WEST-2024-L3-B1",1,2,12,13.4,10.11,78.19,259.06,110.3,6.06
"PLB-045xZM-0001","PLB-045","ZM-0001","WEST-2024-L3","WEST-2024-L3-B1",1,4,7,15.89,9.1,70.72,260.09,114.62,6.74
"PLB-033xZM-0001","PLB-033","ZM-0001","WEST-2024-L3","WEST-2024-L3-B1",1,8,5,18.29,8.88,75.23,275.14,115.79,6.4
"PLB-030xZM-0001","PLB-030","ZM-0001","WEST-2024-L3","WEST-2024-L3-B1",1,5,11,9.47,9,76.92,259.68,108.03,6.83
"PLB-048xZM-0001","PLB-048","ZM-0001","WEST-2024-L3","WEST-2024-L3-B1",1,6,9,10.93,7.36,70.98,288.47,102.68,5.59
"PLB-052xZM-0001","PLB-052","ZM-0001","WEST-2024-L3","WEST-2024-L3-B1",1,8,7,16.32,8.87,72.18,254.18,108.62,8.07
"PLB-022xZM-0001","PLB-022","ZM-0001","WEST-2024-L3","WEST-2024-L3-B1",1,3,3,15.95,10.1,72.07,260.75,115.42,8.49
"PLB-008xZM-0001","PLB-008","ZM-0001","WEST-2024-L3","WEST-2024-L3-B1",1,9,5,13.7,9.33,83.22,278.32,110.81,7.69
"PLA-025xZM-0002","PLA-025","ZM-0002","WEST-2024-L3","WEST-2024-L3-B1",1,4,2,22.92,9.33,79.79,278.52,106.59,8.92
"PLA-015xZM-0002","PLA-015","ZM-0002","WEST-2024-L3","WEST-2024-L3-B1",1,5,5,18.92,9.28,81.07,276.28,111.7,7.4
"PLA-053xZM-0002","PLA-053","ZM-0002","WEST-2024-L3","WEST-2024-L3-B1",1,10,8,16.67,8.01,71.75,251.89,111.63,7.41
"PLA-055xZM-0002","PLA-055","ZM-0002","WEST-2024-L3","WEST-2024-L3-B1",1,5,10,14.84,7.37,78.12,253.52,105.51,6.32
"PLA-014xZM-0002","PLA-014","ZM-0002","WEST-2024-L3","WEST-2024-L3-B1",1,7,1,15.85,9.82,75.87,265.57,117.58,9.32
"PLA-008xZM-0002","PLA-008","ZM-0002","WEST-2024-L3","WEST-2024-L3-B1",1,7,3,18.67,9.35,84.9,270.36,119.89,8.19
"PLA-058xZM-0002","PLA-058","ZM-0002","WEST-2024-L3","WEST-2024-L3-B1",1,5,6,18.76,8.38,72.76,255.75,110.11,8.96
"PLA-024xZM-0002","PLA-024","ZM-0002","WEST-2024-L3","WEST-2024-L3-B1",1,4,8,18.4,8.83,75.25,272.77,110.9,6.72
"PLB-026xZM-0002","PLB-026","ZM-0002","WEST-2024-L3","WEST-2024-L3-B1",1,3,10,16.2,7.93,82.2,256.67,112.68,6.84
"PLB-045xZM-0002","PLB-045","ZM-0002","WEST-2024-L3","WEST-2024-L3-B1",1,9,4,17.32,8.96,77.6,271.21,118.32,7.17
"PLB-033xZM-0002","PLB-033","ZM-0002","WEST-2024-L3","WEST-2024-L3-B1",1,8,9,16.83,6.88,71.06,239.31,106.39,5.85
"PLB-030xZM-0002","PLB-030","ZM-0002","WEST-2024-L3","WEST-2024-L3-B1",1,12,6,16.2,8.68,82.28,277.47,114.58,7.33
"PLB-048xZM-0002","PLB-048","ZM-0002","WEST-2024-L3","WEST-2024-L3-B1",1,1,12,16.63,8.71,74.4,263.15,109.19,7.4
"PLB-052xZM-0002","PLB-052","ZM-0002","WEST-2024-L3","WEST-2024-L3-B1",1,12,1,16.14,9.01,83.9,267.98,113.56,8.98
"PLB-022xZM-0002","PLB-022","ZM-0002","WEST-2024-L3","WEST-2024-L3-B1",1,1,2,16.63,9.25,79.98,270.79,114.64,7.82
"PLB-008xZM-0002","PLB-008","ZM-0002","WEST-2024-L3","WEST-2024-L3-B1",1,10,6,14.57,8.51,80.01,283.73,116.33,5.42
"PLA-025xZM-0003","PLA-025","ZM-0003","WEST-2024-L3","WEST-2024-L3-B1",1,4,12,16.2,8.13,81.01,270.9,114.11,7.52
"PLA-015xZM-0003","PLA-015","ZM-0003","WEST-2024-L3","WEST-2024-L3-B1",1,10,4,18.91,9.61,85.49,278.66,113.55,8.18
"PLA-053xZM-0003","PLA-053","ZM-0003","WEST-2024-L3","WEST-2024-L3-B1",1,12,4,19.95,8.46,80.57,282.13,118.21,7.58
"PLA-055xZM-0003","PLA-055","ZM-0003","WEST-2024-L3","WEST-2024-L3-B1",1,12,11,19.61,8.28,83.37,255.72,117.17,6.42
"PLA-014xZM-0003","PLA-014","ZM-0003","WEST-2024-L3","WEST-2024-L3-B1",1,10,11,15.79,8.54,79.99,264.66,117.49,7.41
"PLA-008xZM-0003","PLA-008","ZM-0003","WEST-2024-L3","WEST-2024-L3-B1",1,7,11,14.86,7.82,81.95,250.52,114.85,7.01
"PLA-058xZM-0003","PLA-058","ZM-0003","WEST-2024-L3","WEST-2024-L3-B1",1,11,10,15.31,7.92,74.04,272.98,105.99,8.32
"PLA-024xZM-0003","PLA-024","ZM-0003","WEST-2024-L3","WEST-2024-L3-B1",1,3,7,15.57,9.45,79.46,274.59,120.96,7.66
"PLB-026xZM-0003","PLB-026","ZM-0003","WEST-2024-L3","WEST-2024-L3-B1",1,3,5,17.18,9.23,83.54,282.56,116.74,7.64
"PLB-045xZM-0003","PLB-045","ZM-0003","WEST-2024-L3","WEST-2024-L3-B1",1,9,8,16.48,8.3,72.46,252.15,114.26,6.44
"PLB-033xZM-0003","PLB-033","ZM-0003","WEST-2024-L3","WEST-2024-L3-B1",1,9,10,14.75,7.63,79.78,267.85,110.16,6.04
"PLB-030xZM-0003","PLB-030","ZM-0003","WEST-2024-L3","WEST-2024-L3-B1",1,5,4,13.93,8.99,82.03,281.52,118.5,6.91
"PLB-048xZM-0003","PLB-048","ZM-0003","WEST-2024-L3","WEST-2024-L3-B1",1,5,3,15.61,9,82.99,286.51,115.1,7.34
"PLB-052xZM-0003","PLB-052","ZM-0003","WEST-2024-L3","WEST-2024-L3-B1",1,4,5,14.54,8.8,77,268.63,118.63,8.38
"PLB-022xZM-0003","PLB-022","ZM-0003","WEST-2024-L3","WEST-2024-L3-B1",1,6,2,18.54,7.91,77.08,271.58,120.79,8.65
"PLB-008xZM-0003","PLB-008","ZM-0003","WEST-2024-L3","WEST-2024-L3-B1",1,7,9,11.97,7.21,81.1,308.44,109.41,4.82
"PLA-025xZM-0001","PLA-025","ZM-0001","WEST-2024-L3","WEST-2024-L3-B2",2,6,8,16.45,8.12,69.85,274.52,108.04,4.45
"PLA-015xZM-0001","PLA-015","ZM-0001","WEST-2024-L3","WEST-2024-L3-B2",2,7,6,15.9,10.15,80.14,290.47,113.95,6.47
"PLA-053xZM-0001","PLA-053","ZM-0001","WEST-2024-L3","WEST-2024-L3-B2",2,5,7,15.79,8.79,74.57,282.22,113.3,6.87
"PLA-055xZM-0001","PLA-055","ZM-0001","WEST-2024-L3","WEST-2024-L3-B2",2,4,9,16.76,8.33,75.27,255.76,107.11,4
"PLA-014xZM-0001","PLA-014","ZM-0001","WEST-2024-L3","WEST-2024-L3-B2",2,2,7,16.45,10.14,76.15,269.47,111.17,5.98
"PLA-008xZM-0001","PLA-008","ZM-0001","WEST-2024-L3","WEST-2024-L3-B2",2,5,12,14.83,9.2,75.42,275.26,115.69,6.66
"PLA-058xZM-0001","PLA-058","ZM-0001","WEST-2024-L3","WEST-2024-L3-B2",2,6,7,18.48,8.74,71.83,282.82,106.52,6.1
"PLA-024xZM-0001","PLA-024","ZM-0001","WEST-2024-L3","WEST-2024-L3-B2",2,10,7,14.2,9.28,76.84,248.84,115.01,4.25
"PLB-026xZM-0001","PLB-026","ZM-0001","WEST-2024-L3","WEST-2024-L3-B2",2,6,12,11.76,8.9,79.11,292.76,108.65,5.17
"PLB-045xZM-0001","PLB-045","ZM-0001","WEST-2024-L3","WEST-2024-L3-B2",2,11,3,17.02,9.85,78.87,283.27,123.71,6.14
"PLB-033xZM-0001","PLB-033","ZM-0001","WEST-2024-L3","WEST-2024-L3-B2",2,4,6,14.94,8.65,73.38,279.83,115.27,5.27
"PLB-030xZM-0001","PLB-030","ZM-0001","WEST-2024-L3","WEST-2024-L3-B2",2,2,4,12.76,9.84,81.1,278.86,116.1,7.81
"PLB-048xZM-0001","PLB-048","ZM-0001","WEST-2024-L3","WEST-2024-L3-B2",2,10,3,15.27,9.7,74.1,294.85,112,5.98
"PLB-052xZM-0001","PLB-052","ZM-0001","WEST-2024-L3","WEST-2024-L3-B2",2,10,12,17.34,7.94,69.9,282.11,110.83,6.68
"PLB-022xZM-0001","PLB-022","ZM-0001","WEST-2024-L3","WEST-2024-L3-B2",2,11,1,17.82,8.9,75.2,296.41,113.44,7.25
"PLB-008xZM-0001","PLB-008","ZM-0001","WEST-2024-L3","WEST-2024-L3-B2",2,8,6,13.63,8.36,75.45,263.8,110.09,5.95
"PLA-025xZM-0002","PLA-025","ZM-0002","WEST-2024-L3","WEST-2024-L3-B2",2,2,9,15.9,7.54,76.87,266.9,106.15,5.87
"PLA-015xZM-0002","PLA-015","ZM-0002","WEST-2024-L3","WEST-2024-L3-B2",2,12,5,18.68,8.11,81.74,278.06,108.95,6.93
"PLA-053xZM-0002","PLA-053","ZM-0002","WEST-2024-L3","WEST-2024-L3-B2",2,1,7,18.88,8.93,77.17,284.82,114.02,7.34
"PLA-055xZM-0002","PLA-055","ZM-0002","WEST-2024-L3","WEST-2024-L3-B2",2,10,10,17.32,8.68,77.33,274.05,106.1,3.44
"PLA-014xZM-0002","PLA-014","ZM-0002","WEST-2024-L3","WEST-2024-L3-B2",2,9,11,18.4,8.82,74.63,260.33,111.36,6.91
"PLA-008xZM-0002","PLA-008","ZM-0002","WEST-2024-L3","WEST-2024-L3-B2",2,12,7,15.9,8.89,76.1,258.15,116.93,5.89
"PLA-058xZM-0002","PLA-058","ZM-0002","WEST-2024-L3","WEST-2024-L3-B2",2,5,9,18.71,6.87,72.4,271.06,101.67,5.17
"PLA-024xZM-0002","PLA-024","ZM-0002","WEST-2024-L3","WEST-2024-L3-B2",2,3,2,16.45,10.34,77.84,269.38,117.68,6.56
"PLB-026xZM-0002","PLB-026","ZM-0002","WEST-2024-L3","WEST-2024-L3-B2",2,7,10,14.96,7.3,75.48,255.09,111.68,6.62
"PLB-045xZM-0002","PLB-045","ZM-0002","WEST-2024-L3","WEST-2024-L3-B2",2,1,6,14.89,9.03,78.11,287.44,121.13,5.98
"PLB-033xZM-0002","PLB-033","ZM-0002","WEST-2024-L3","WEST-2024-L3-B2",2,7,12,16.13,8.13,74.91,253.35,108.05,4.21
"PLB-030xZM-0002","PLB-030","ZM-0002","WEST-2024-L3","WEST-2024-L3-B2",2,1,3,17.36,8.69,83.83,275.98,112.82,6.1
"PLB-048xZM-0002","PLB-048","ZM-0002","WEST-2024-L3","WEST-2024-L3-B2",2,5,2,16.49,8.93,78.45,302.45,111.94,8.06
"PLB-052xZM-0002","PLB-052","ZM-0002","WEST-2024-L3","WEST-2024-L3-B2",2,8,3,16.96,9.25,79.75,273.67,121.36,7.44
"PLB-022xZM-0002","PLB-022","ZM-0002","WEST-2024-L3","WEST-2024-L3-B2",2,9,9,12.54,8.37,74.03,255.38,110.51,5.25
"PLB-008xZM-0002","PLB-008","ZM-0002","WEST-2024-L3","WEST-2024-L3-B2",2,12,8,16.13,8.05,80.22,270.39,111.58,6.11
"PLA-025xZM-0003","PLA-025","ZM-0003","WEST-2024-L3","WEST-2024-L3-B2",2,2,1,16.19,8.74,83.75,271.39,112.51,7.26
"PLA-015xZM-0003","PLA-015","ZM-0003","WEST-2024-L3","WEST-2024-L3-B2",2,3,8,14.66,8.33,82.69,287.06,112.86,6.6
"PLA-053xZM-0003","PLA-053","ZM-0003","WEST-2024-L3","WEST-2024-L3-B2",2,3,11,15.61,6.69,77.5,291.89,108.66,7.24
"PLA-055xZM-0003","PLA-055","ZM-0003","WEST-2024-L3","WEST-2024-L3-B2",2,1,1,16.15,8.47,80.5,286.95,116.86,7.71
"PLA-014xZM-0003","PLA-014","ZM-0003","WEST-2024-L3","WEST-2024-L3-B2",2,4,1,18.71,9.27,85.17,279.4,119.87,7.98
"PLA-008xZM-0003","PLA-008","ZM-0003","WEST-2024-L3","WEST-2024-L3-B2",2,11,2,16.69,8.68,85.71,283.92,119.74,5.81
"PLA-058xZM-0003","PLA-058","ZM-0003","WEST-2024-L3","WEST-2024-L3-B2",2,6,11,19.43,7.98,74.34,279.03,106.7,5.49
"PLA-024xZM-0003","PLA-024","ZM-0003","WEST-2024-L3","WEST-2024-L3-B2",2,5,8,11.67,8.04,80.52,272.77,117.25,6.81
"PLB-026xZM-0003","PLB-026","ZM-0003","WEST-2024-L3","WEST-2024-L3-B2",2,6,5,13.74,8.54,78.19,295.81,115.53,6.68
"PLB-045xZM-0003","PLB-045","ZM-0003","WEST-2024-L3","WEST-2024-L3-B2",2,7,2,19.1,8.61,81.41,286.79,124.45,6.74
"PLB-033xZM-0003","PLB-033","ZM-0003","WEST-2024-L3","WEST-2024-L3-B2",2,7,4,18.54,8.48,77.51,291.4,116.62,6.1
"PLB-030xZM-0003","PLB-030","ZM-0003","WEST-2024-L3","WEST-2024-L3-B2",2,1,9,12.49,7.98,86.46,251.51,117.45,7.43
"PLB-048xZM-0003","PLB-048","ZM-0003","WEST-2024-L3","WEST-2024-L3-B2",2,6,1,12.06,8.76,82.11,288.99,112.19,6.01
"PLB-052xZM-0003","PLB-052","ZM-0003","WEST-2024-L3","WEST-2024-L3-B2",2,7,5,18.79,8.48,82.4,286.66,114.33,8.6
"PLB-022xZM-0003","PLB-022","ZM-0003","WEST-2024-L3","WEST-2024-L3-B2",2,1,4,19.46,8.73,74.06,278.57,113.98,7.06
"PLB-008xZM-0003","PLB-008","ZM-0003","WEST-2024-L3","WEST-2024-L3-B2",2,1,11,13.42,9.71,81.66,265.42,115.7,7.23
"PLA-025xZM-0001","PLA-025","ZM-0001","WEST-2024-L3","WEST-2024-L3-B3",3,2,11,15.61,8.86,73.58,286.27,106.39,5.72
"PLA-015xZM-0001","PLA-015","ZM-0001","WEST-2024-L3","WEST-2024-L3-B3",3,10,2,16.22,9.93,80.04,282.84,114.01,6.7
"PLA-053xZM-0001","PLA-053","ZM-0001","WEST-2024-L3","WEST-2024-L3-B3",3,10,5,17.62,10.34,76.79,273.99,115.79,8.9
"PLA-055xZM-0001","PLA-055","ZM-0001","WEST-2024-L3","WEST-2024-L3-B3",3,2,2,17.25,9.35,76.63,290.08,109.89,6.44
"PLA-014xZM-0001","PLA-014","ZM-0001","WEST-2024-L3","WEST-2024-L3-B3",3,11,11,16.36,9.79,78.88,273.26,109.13,7.2
"PLA-008xZM-0001","PLA-008","ZM-0001","WEST-2024-L3","WEST-2024-L3-B3",3,12,2,19.25,9.05,83.38,265.38,119.67,7.49
"PLA-058xZM-0001","PLA-058","ZM-0001","WEST-2024-L3","WEST-2024-L3-B3",3,4,10,16.17,8.3,67.06,241.77,108.06,7.34
"PLA-024xZM-0001","PLA-024","ZM-0001","WEST-2024-L3","WEST-2024-L3-B3",3,2,10,17.09,10.08,80.98,290.53,117.57,5.74
"PLB-026xZM-0001","PLB-026","ZM-0001","WEST-2024-L3","WEST-2024-L3-B3",3,10,9,14.92,8.09,76.94,261.47,110.47,4.49
"PLB-045xZM-0001","PLB-045","ZM-0001","WEST-2024-L3","WEST-2024-L3-B3",3,8,10,16.81,8.19,70.97,267.72,116.74,5.44
"PLB-033xZM-0001","PLB-033","ZM-0001","WEST-2024-L3","WEST-2024-L3-B3",3,3,1,17.45,8.62,80.43,270.55,120.68,5.25
"PLB-030xZM-0001","PLB-030","ZM-0001","WEST-2024-L3","WEST-2024-L3-B3",3,9,6,11.44,8.77,79.5,277.11,114.1,6.21
"PLB-048xZM-0001","PLB-048","ZM-0001","WEST-2024-L3","WEST-2024-L3-B3",3,3,4,16.62,10.63,76.28,294.53,110.31,7.98
"PLB-052xZM-0001","PLB-052","ZM-0001","WEST-2024-L3","WEST-2024-L3-B3",3,6,10,12.96,8.56,72.24,282.11,109.57,5.9
"PLB-022xZM-0001","PLB-022","ZM-0001","WEST-2024-L3","WEST-2024-L3-B3",3,8,4,17.7,9.16,73.85,283.56,117.64,7.81
"PLB-008xZM-0001","PLB-008","ZM-0001","WEST-2024-L3","WEST-2024-L3-B3",3,6,6,13.72,8.77,80.77,271.63,111.94,6.12
"PLA-025xZM-0002","PLA-025","ZM-0002","WEST-2024-L3","WEST-2024-L3-B3",3,3,12,18.18,8.82,78.07,257.63,106.88,6.59
"PLA-015xZM-0002","PLA-015","ZM-0002","WEST-2024-L3","WEST-2024-L3-B3",3,2,3,18.5,8.82,78.06,286.48,110.48,7.04
"PLA-053xZM-0002","PLA-053","ZM-0002","WEST-2024-L3","WEST-2024-L3-B3",3,8,2,19.13,8.74,81.39,265.3,117.04,8.48
"PLA-055xZM-0002","PLA-055","ZM-0002","WEST-2024-L3","WEST-2024-L3-B3",3,7,8,15.25,7.5,78.36,248.47,105.52,5.53
"PLA-014xZM-0002","PLA-014","ZM-0002","WEST-2024-L3","WEST-2024-L3-B3",3,12,9,17.99,9.41,75.66,267.92,111.42,5.05
"PLA-008xZM-0002","PLA-008","ZM-0002","WEST-2024-L3","WEST-2024-L3-B3",3,11,7,16.47,8.3,79.15,253.1,112.65,5.18
"PLA-058xZM-0002","PLA-058","ZM-0002","WEST-2024-L3","WEST-2024-L3-B3",3,1,8,19.59,8.58,72.6,276.3,110.54,5.64
"PLA-024xZM-0002","PLA-024","ZM-0002","WEST-2024-L3","WEST-2024-L3-B3",3,4,3,20.06,9.78,79.84,270.84,119.34,7.73
"PLB-026xZM-0002","PLB-026","ZM-0002","WEST-2024-L3","WEST-2024-L3-B3",3,1,10,17.69,8.31,76.81,268.06,110.28,6.09
"PLB-045xZM-0002","PLB-045","ZM-0002","WEST-2024-L3","WEST-2024-L3-B3",3,2,8,16.1,7.77,78.3,276.99,117.98,6.41
"PLB-033xZM-0002","PLB-033","ZM-0002","WEST-2024-L3","WEST-2024-L3-B3",3,5,1,16.96,9.26,80.07,270.01,109.18,5.85
"PLB-030xZM-0002","PLB-030","ZM-0002","WEST-2024-L3","WEST-2024-L3-B3",3,11,12,13.72,8.32,78.89,240.43,111.38,5.21
"PLB-048xZM-0002","PLB-048","ZM-0002","WEST-2024-L3","WEST-2024-L3-B3",3,9,12,14.27,8.49,75.43,249.16,108.97,5.03
"PLB-052xZM-0002","PLB-052","ZM-0002","WEST-2024-L3","WEST-2024-L3-B3",3,10,1,18.1,9.27,72.98,276.59,115.42,7.42
"PLB-022xZM-0002","PLB-022","ZM-0002","WEST-2024-L3","WEST-2024-L3-B3",3,3,6,19.16,8.81,76.86,255.45,114.76,5.25
"PLB-008xZM-0002","PLB-008","ZM-0002","WEST-2024-L3","WEST-2024-L3-B3",3,9,3,13.43,8.26,80.49,281.92,115.63,7.1
"PLA-025xZM-0003","PLA-025","ZM-0003","WEST-2024-L3","WEST-2024-L3-B3",3,7,7,14.26,7.43,78.07,255.29,110.66,6.04
"PLA-015xZM-0003","PLA-015","ZM-0003","WEST-2024-L3","WEST-2024-L3-B3",3,11,8,15.47,7.04,83.65,277.97,113.61,6.51
"PLA-053xZM-0003","PLA-053","ZM-0003","WEST-2024-L3","WEST-2024-L3-B3",3,11,4,18.32,8.41,77.95,278.73,115.61,7.19
"PLA-055xZM-0003","PLA-055","ZM-0003","WEST-2024-L3","WEST-2024-L3-B3",3,2,5,20.41,8.44,78.69,273.72,114.4,5.28
"PLA-014xZM-0003","PLA-014","ZM-0003","WEST-2024-L3","WEST-2024-L3-B3",3,12,10,19.21,9.66,80.31,280.75,115.5,6.81
"PLA-008xZM-0003","PLA-008","ZM-0003","WEST-2024-L3","WEST-2024-L3-B3",3,8,8,14.8,6.9,75.05,254.84,117.07,5.03
"PLA-058xZM-0003","PLA-058","ZM-0003","WEST-2024-L3","WEST-2024-L3-B3",3,8,11,16.5,7.27,76.14,281.54,108.34,5.61
"PLA-024xZM-0003","PLA-024","ZM-0003","WEST-2024-L3","WEST-2024-L3-B3",3,3,9,16.32,6.83,79.86,251.45,119.26,6.13
"PLB-026xZM-0003","PLB-026","ZM-0003","WEST-2024-L3","WEST-2024-L3-B3",3,6,4,19.57,9.44,81.32,272.05,113.74,7.61
"PLB-045xZM-0003","PLB-045","ZM-0003","WEST-2024-L3","WEST-2024-L3-B3",3,2,6,17.22,7.86,78.69,283.02,120.84,6.51
"PLB-033xZM-0003","PLB-033","ZM-0003","WEST-2024-L3","WEST-2024-L3-B3",3,11,9,16.06,7.09,71.58,281.35,115.97,6.32
"PLB-030xZM-0003","PLB-030","ZM-0003","WEST-2024-L3","WEST-2024-L3-B3",3,12,12,13.83,8.58,84.14,276.54,116.76,6.05
"PLB-048xZM-0003","PLB-048","ZM-0003","WEST-2024-L3","WEST-2024-L3-B3",3,6,3,15.8,7.52,75.14,280.65,116.23,6.8
"PLB-052xZM-0003","PLB-052","ZM-0003","WEST-2024-L3","WEST-2024-L3-B3",3,11,5,16.71,8.28,80.64,266.19,113.81,8.39
"PLB-022xZM-0003","PLB-022","ZM-0003","WEST-2024-L3","WEST-2024-L3-B3",3,4,4,17.04,9.7,81.74,281.39,117.23,8.92
"PLB-008xZM-0003","PLB-008","ZM-0003","WEST-2024-L3","WEST-2024-L3-B3",3,11,6,14.08,8.2,78.3,287.21,115.83,7.19
"PLA-025xZM-0001","PLA-025","ZM-0001","WEST-2024-L4","WEST-2024-L4-B1",1,7,10,16.54,9,78.14,287.51,115.53,6.9
"PLA-015xZM-0001","PLA-015","ZM-0001","WEST-2024-L4","WEST-2024-L4-B1",1,5,1,17.68,8.69,76.6,276.7,113.37,6.68
"PLA-053xZM-0001","PLA-053","ZM-0001","WEST-2024-L4","WEST-2024-L4-B1",1,2,10,18.9,10.01,72.75,271.54,119.81,9.4
"PLA-055xZM-0001","PLA-055","ZM-0001","WEST-2024-L4","WEST-2024-L4-B1",1,11,6,20.43,9.03,76.23,264.55,116.62,4.35
"PLA-014xZM-0001","PLA-014","ZM-0001","WEST-2024-L4","WEST-2024-L4-B1",1,3,3,16.06,9.33,67.49,266.92,119.47,7.24
"PLA-008xZM-0001","PLA-008","ZM-0001","WEST-2024-L4","WEST-2024-L4-B1",1,3,9,16.83,9.04,72.98,291.13,125.02,8.05
"PLA-058xZM-0001","PLA-058","ZM-0001","WEST-2024-L4","WEST-2024-L4-B1",1,2,7,20.14,7.9,68.18,275.72,116.83,7.26
"PLA-024xZM-0001","PLA-024","ZM-0001","WEST-2024-L4","WEST-2024-L4-B1",1,6,3,17.55,10.39,72.6,276.85,124.9,6.47
"PLB-026xZM-0001","PLB-026","ZM-0001","WEST-2024-L4","WEST-2024-L4-B1",1,10,11,13.21,8.96,67.3,271.8,122.14,5.89
"PLB-045xZM-0001","PLB-045","ZM-0001","WEST-2024-L4","WEST-2024-L4-B1",1,2,2,16.79,8.49,68.43,278.2,123.56,6.12
"PLB-033xZM-0001","PLB-033","ZM-0001","WEST-2024-L4","WEST-2024-L4-B1",1,6,4,16.02,8.11,68.22,284.06,119.22,5.25
"PLB-030xZM-0001","PLB-030","ZM-0001","WEST-2024-L4","WEST-2024-L4-B1",1,7,2,14.7,8.91,74.1,267.38,118.18,7.4
"PLB-048xZM-0001","PLB-048","ZM-0001","WEST-2024-L4","WEST-2024-L4-B1",1,4,12,14.78,8.27,65.34,290.83,111.24,7.56
"PLB-052xZM-0001","PLB-052","ZM-0001","WEST-2024-L4","WEST-2024-L4-B1",1,1,8,17.61,9.29,64.23,296.29,116.3,7.22
"PLB-022xZM-0001","PLB-022","ZM-0001","WEST-2024-L4","WEST-2024-L4-B1",1,8,10,17.52,7.95,64.5,274.18,118.52,7.26
"PLB-008xZM-0001","PLB-008","ZM-0001","WEST-2024-L4","WEST-2024-L4-B1",1,1,11,14.45,8.48,71.49,277.35,121.97,6.99
"PLA-025xZM-0002","PLA-025","ZM-0002","WEST-2024-L4","WEST-2024-L4-B1",1,11,2,16.7,7.79,79.63,264.07,116.91,6.86
"PLA-015xZM-0002","PLA-015","ZM-0002","WEST-2024-L4","WEST-2024-L4-B1",1,7,6,19.57,9.21,78.88,310.66,117.75,6.12
"PLA-053xZM-0002","PLA-053","ZM-0002","WEST-2024-L4","WEST-2024-L4-B1",1,12,7,16.27,8.23,75.95,266.71,117.16,6.27
"PLA-055xZM-0002","PLA-055","ZM-0002","WEST-2024-L4","WEST-2024-L4-B1",1,5,5,21.09,8.24,77.81,275.16,121.44,6.2
"PLA-014xZM-0002","PLA-014","ZM-0002","WEST-2024-L4","WEST-2024-L4-B1",1,7,3,18.46,8.39,75.86,268.08,124.47,6.85
"PLA-008xZM-0002","PLA-008","ZM-0002","WEST-2024-L4","WEST-2024-L4-B1",1,9,11,19.24,7.63,76.46,286.58,122.53,6.3
"PLA-058xZM-0002","PLA-058","ZM-0002","WEST-2024-L4","WEST-2024-L4-B1",1,3,11,21.8,7.54,66.45,289.62,116.5,7.01
"PLA-024xZM-0002","PLA-024","ZM-0002","WEST-2024-L4","WEST-2024-L4-B1",1,9,5,18.03,10.18,76.45,277.84,121.49,5.63
"PLB-026xZM-0002","PLB-026","ZM-0002","WEST-2024-L4","WEST-2024-L4-B1",1,9,6,17.01,9.53,75.73,284.75,118.56,6.62
"PLB-045xZM-0002","PLB-045","ZM-0002","WEST-2024-L4","WEST-2024-L4-B1",1,12,4,19.74,7.92,70.11,283.31,120.41,5.77
"PLB-033xZM-0002","PLB-033","ZM-0002","WEST-2024-L4","WEST-2024-L4-B1",1,9,1,16.88,8.28,66.89,262.12,116.57,6.19
"PLB-030xZM-0002","PLB-030","ZM-0002","WEST-2024-L4","WEST-2024-L4-B1",1,9,4,12.84,8.17,77.84,268.93,118.61,5.95
"PLB-048xZM-0002","PLB-048","ZM-0002","WEST-2024-L4","WEST-2024-L4-B1",1,4,5,15.47,7.89,75.49,281.97,116.14,6.69
"PLB-052xZM-0002","PLB-052","ZM-0002","WEST-2024-L4","WEST-2024-L4-B1",1,8,1,18.14,8.43,76.87,261.56,119.3,8.28
"PLB-022xZM-0002","PLB-022","ZM-0002","WEST-2024-L4","WEST-2024-L4-B1",1,6,1,18.01,8.67,72.99,257.22,119.71,5.51
"PLB-008xZM-0002","PLB-008","ZM-0002","WEST-2024-L4","WEST-2024-L4-B1",1,6,11,16.85,7.37,75.59,266.03,121.65,6.62
"PLA-025xZM-0003","PLA-025","ZM-0003","WEST-2024-L4","WEST-2024-L4-B1",1,9,2,19.67,7.25,74.03,268.88,111.7,7.28
"PLA-015xZM-0003","PLA-015","ZM-0003","WEST-2024-L4","WEST-2024-L4-B1",1,12,8,16.29,7.95,80.68,298.6,115.41,6.33
"PLA-053xZM-0003","PLA-053","ZM-0003","WEST-2024-L4","WEST-2024-L4-B1",1,8,4,20.72,7.79,75.65,273.28,118.27,9.63
"PLA-055xZM-0003","PLA-055","ZM-0003","WEST-2024-L4","WEST-2024-L4-B1",1,7,7,20.09,8.35,74.75,292.36,120.02,7.07
"PLA-014xZM-0003","PLA-014","ZM-0003","WEST-2024-L4","WEST-2024-L4-B1",1,3,8,18.57,8.41,78.6,270.39,122.19,6.94
"PLA-008xZM-0003","PLA-008","ZM-0003","WEST-2024-L4","WEST-2024-L4-B1",1,12,1,16.65,8.22,73.3,267.66,120.71,5.97
"PLA-058xZM-0003","PLA-058","ZM-0003","WEST-2024-L4","WEST-2024-L4-B1",1,5,6,21.21,7.82,77.1,300.85,116.5,7.77
"PLA-024xZM-0003","PLA-024","ZM-0003","WEST-2024-L4","WEST-2024-L4-B1",1,7,9,19.4,8.21,79.02,280.97,125.87,8.19
"PLB-026xZM-0003","PLB-026","ZM-0003","WEST-2024-L4","WEST-2024-L4-B1",1,1,9,17.03,8.36,80.2,278.05,118.96,7.69
"PLB-045xZM-0003","PLB-045","ZM-0003","WEST-2024-L4","WEST-2024-L4-B1",1,12,10,15.95,8.21,73.48,280.09,128.36,7.37
"PLB-033xZM-0003","PLB-033","ZM-0003","WEST-2024-L4","WEST-2024-L4-B1",1,6,12,15.98,7.23,73.64,283.45,122.43,5.52
"PLB-030xZM-0003","PLB-030","ZM-0003","WEST-2024-L4","WEST-2024-L4-B1",1,7,8,14.16,8.51,78.44,285.07,123.52,8.01
"PLB-048xZM-0003","PLB-048","ZM-0003","WEST-2024-L4","WEST-2024-L4-B1",1,1,12,13.96,7.04,75.16,281.81,119.07,6.77
"PLB-052xZM-0003","PLB-052","ZM-0003","WEST-2024-L4","WEST-2024-L4-B1",1,4,3,18.67,7.66,73.51,283.47,123.23,8.1
"PLB-022xZM-0003","PLB-022","ZM-0003","WEST-2024-L4","WEST-2024-L4-B1",1,12,5,15.72,7.86,76.56,274.4,124.95,6.58
"PLB-008xZM-0003","PLB-008","ZM-0003","WEST-2024-L4","WEST-2024-L4-B1",1,10,6,14.49,7.99,79.18,283.07,119.17,7.46
"PLA-025xZM-0001","PLA-025","ZM-0001","WEST-2024-L4","WEST-2024-L4-B2",2,11,3,20.04,8.68,71.34,283.13,113.58,6.5
"PLA-015xZM-0001","PLA-015","ZM-0001","WEST-2024-L4","WEST-2024-L4-B2",2,11,11,14.52,9.06,73.42,307.29,118.64,7.42
"PLA-053xZM-0001","PLA-053","ZM-0001","WEST-2024-L4","WEST-2024-L4-B2",2,2,3,16.57,9.01,70.37,282.19,114.08,7.62
"PLA-055xZM-0001","PLA-055","ZM-0001","WEST-2024-L4","WEST-2024-L4-B2",2,2,11,19.7,9.93,71.65,265.88,118.5,4.5
"PLA-014xZM-0001","PLA-014","ZM-0001","WEST-2024-L4","WEST-2024-L4-B2",2,4,1,18.04,10.05,74.79,274.81,114.59,7.24
"PLA-008xZM-0001","PLA-008","ZM-0001","WEST-2024-L4","WEST-2024-L4-B2",2,5,11,19.37,7.83,74.86,295.34,121.72,7.59
"PLA-058xZM-0001","PLA-058","ZM-0001","WEST-2024-L4","WEST-2024-L4-B2",2,10,3,19.58,7.85,72.19,288.4,115.72,8.14
"PLA-024xZM-0001","PLA-024","ZM-0001","WEST-2024-L4","WEST-2024-L4-B2",2,10,5,16.64,9.87,76.6,278.33,124.4,7.32
"PLB-026xZM-0001","PLB-026","ZM-0001","WEST-2024-L4","WEST-2024-L4-B2",2,8,12,17.16,8.31,75.93,309.53,113.32,6.68
"PLB-045xZM-0001","PLB-045","ZM-0001","WEST-2024-L4","WEST-2024-L4-B2",2,8,3,19.05,8.2,73.66,285.99,124.98,6.76
"PLB-033xZM-0001","PLB-033","ZM-0001","WEST-2024-L4","WEST-2024-L4-B2",2,11,12,17.47,8.48,70.91,275.05,116.03,5.61
"PLB-030xZM-0001","PLB-030","ZM-0001","WEST-2024-L4","WEST-2024-L4-B2",2,3,2,13.35,9.56,75.63,266.02,118.98,6.63
"PLB-048xZM-0001","PLB-048","ZM-0001","WEST-2024-L4","WEST-2024-L4-B2",2,9,8,16.93,8.86,72.59,281.16,112.46,6.87
"PLB-052xZM-0001","PLB-052","ZM-0001","WEST-2024-L4","WEST-2024-L4-B2",2,10,12,18.59,9.96,68.91,294.13,114.47,6.48
"PLB-022xZM-0001","PLB-022","ZM-0001","WEST-2024-L4","WEST-2024-L4-B2",2,8,7,16.47,9.39,72.94,288.43,119.18,7.53
"PLB-008xZM-0001","PLB-008","ZM-0001","WEST-2024-L4","WEST-2024-L4-B2",2,5,3,17.16,8.19,73.77,292.56,116.8,5.9
"PLA-025xZM-0002","PLA-025","ZM-0002","WEST-2024-L4","WEST-2024-L4-B2",2,8,11,19.54,7.6,77.2,292.27,117.64,7.45
"PLA-015xZM-0002","PLA-015","ZM-0002","WEST-2024-L4","WEST-2024-L4-B2",2,4,4,19.38,8.81,78.74,296.42,115.19,6.96
"PLA-053xZM-0002","PLA-053","ZM-0002","WEST-2024-L4","WEST-2024-L4-B2",2,4,7,21.03,8.69,77.19,280.93,117.92,7.55
"PLA-055xZM-0002","PLA-055","ZM-0002","WEST-2024-L4","WEST-2024-L4-B2",2,11,4,19.18,8.78,73.17,255.61,117.51,6.69
"PLA-014xZM-0002","PLA-014","ZM-0002","WEST-2024-L4","WEST-2024-L4-B2",2,10,8,17.63,8.92,77.97,274.23,118.87,6.65
"PLA-008xZM-0002","PLA-008","ZM-0002","WEST-2024-L4","WEST-2024-L4-B2",2,6,8,20.53,8.36,79.02,261.78,117.61,6.33
"PLA-058xZM-0002","PLA-058","ZM-0002","WEST-2024-L4","WEST-2024-L4-B2",2,8,5,22.62,8.21,75.29,284.48,109.91,6.98
"PLA-024xZM-0002","PLA-024","ZM-0002","WEST-2024-L4","WEST-2024-L4-B2",2,9,3,20.77,8.87,74.36,273.92,122.45,6.48
"PLB-026xZM-0002","PLB-026","ZM-0002","WEST-2024-L4","WEST-2024-L4-B2",2,7,12,19.88,8.24,75.82,268.1,118.45,5.71
"PLB-045xZM-0002","PLB-045","ZM-0002","WEST-2024-L4","WEST-2024-L4-B2",2,5,8,20.41,8.01,76.24,275.68,123.33,7.12
"PLB-033xZM-0002","PLB-033","ZM-0002","WEST-2024-L4","WEST-2024-L4-B2",2,10,4,18.36,8.71,73.23,271.32,114.3,4.86
"PLB-030xZM-0002","PLB-030","ZM-0002","WEST-2024-L4","WEST-2024-L4-B2",2,11,1,20.04,8.95,76.54,271.93,113.82,5.41
"PLB-048xZM-0002","PLB-048","ZM-0002","WEST-2024-L4","WEST-2024-L4-B2",2,7,11,17.34,8.33,69.21,276,118.09,6.25
"PLB-052xZM-0002","PLB-052","ZM-0002","WEST-2024-L4","WEST-2024-L4-B2",2,6,2,19.3,8.17,74.32,288.47,116.7,6.62
"PLB-022xZM-0002","PLB-022","ZM-0002","WEST-2024-L4","WEST-2024-L4-B2",2,12,6,20.62,8.89,74.14,279.16,116.73,6.31
"PLB-008xZM-0002","PLB-008","ZM-0002","WEST-2024-L4","WEST-2024-L4-B2",2,8,9,16.58,7.67,78.43,273.96,116.4,6.05
"PLA-025xZM-0003","PLA-025","ZM-0003","WEST-2024-L4","WEST-2024-L4-B2",2,10,9,18.93,7.46,83.24,280.83,119.5,7.74
"PLA-015xZM-0003","PLA-015","ZM-0003","WEST-2024-L4","WEST-2024-L4-B2",2,3,10,16.78,8.99,78.1,293.81,112.42,7.22
"PLA-053xZM-0003","PLA-053","ZM-0003","WEST-2024-L4","WEST-2024-L4-B2",2,5,2,22.51,8.92,80.65,310.34,118.03,7.37
"PLA-055xZM-0003","PLA-055","ZM-0003","WEST-2024-L4","WEST-2024-L4-B2",2,1,6,21.26,8.35,79.75,295.15,116.54,6.74
"PLA-014xZM-0003","PLA-014","ZM-0003","WEST-2024-L4","WEST-2024-L4-B2",2,2,6,21.37,8.01,81.94,266.53,123.78,7.79
"PLA-008xZM-0003","PLA-008","ZM-0003","WEST-2024-L4","WEST-2024-L4-B2",2,2,1,16.8,7.13,77.09,288.84,126.36,6.59
"PLA-058xZM-0003","PLA-058","ZM-0003","WEST-2024-L4","WEST-2024-L4-B2",2,9,12,22.64,7.69,74.85,305.41,118.7,7.39
"PLA-024xZM-0003","PLA-024","ZM-0003","WEST-2024-L4","WEST-2024-L4-B2",2,5,12,19.94,7.95,76.6,276.73,123.71,8.4
"PLB-026xZM-0003","PLB-026","ZM-0003","WEST-2024-L4","WEST-2024-L4-B2",2,5,10,19.35,8.46,76.59,290.19,116.41,7.33
"PLB-045xZM-0003","PLB-045","ZM-0003","WEST-2024-L4","WEST-2024-L4-B2",2,2,8,19.81,8.44,75.46,281.88,125.11,6.49
"PLB-033xZM-0003","PLB-033","ZM-0003","WEST-2024-L4","WEST-2024-L4-B2",2,11,10,17.24,8.51,72.37,292.84,120.98,6.41
"PLB-030xZM-0003","PLB-030","ZM-0003","WEST-2024-L4","WEST-2024-L4-B2",2,2,5,14.74,8.32,75.93,280.6,114.47,7.25
"PLB-048xZM-0003","PLB-048","ZM-0003","WEST-2024-L4","WEST-2024-L4-B2",2,8,8,16.2,7.58,76.19,284.41,116.02,6.57
"PLB-052xZM-0003","PLB-052","ZM-0003","WEST-2024-L4","WEST-2024-L4-B2",2,6,7,18.68,7.97,74.19,292.28,121.78,9.05
"PLB-022xZM-0003","PLB-022","ZM-0003","WEST-2024-L4","WEST-2024-L4-B2",2,1,2,16.78,7.31,76.76,283.26,119.54,8.13
"PLB-008xZM-0003","PLB-008","ZM-0003","WEST-2024-L4","WEST-2024-L4-B2",2,11,5,14.37,7.87,73.31,297.85,116.18,6.73
"PLA-025xZM-0001","PLA-025","ZM-0001","WEST-2024-L4","WEST-2024-L4-B3",3,8,2,17.89,8.35,76.73,291.8,119.21,8.52
"PLA-015xZM-0001","PLA-015","ZM-0001","WEST-2024-L4","WEST-2024-L4-B3",3,5,4,19.44,10.1,79.48,290.16,118.76,7.77
"PLA-053xZM-0001","PLA-053","ZM-0001","WEST-2024-L4","WEST-2024-L4-B3",3,1,1,18.85,8.41,74.12,278.66,114.42,7.33
"PLA-055xZM-0001","PLA-055","ZM-0001","WEST-2024-L4","WEST-2024-L4-B3",3,2,9,19.14,9.27,71.81,286.59,117.03,6.15
"PLA-014xZM-0001","PLA-014","ZM-0001","WEST-2024-L4","WEST-2024-L4-B3",3,5,9,15.49,9.95,76.75,263.43,122.07,7.18
"PLA-008xZM-0001","PLA-008","ZM-0001","WEST-2024-L4","WEST-2024-L4-B3",3,12,3,17.52,8.3,77.91,292.67,122.59,6.37
"PLA-058xZM-0001","PLA-058","ZM-0001","WEST-2024-L4","WEST-2024-L4-B3",3,2,12,18.73,7.73,69.86,295.28,110.44,7.96
"PLA-024xZM-0001","PLA-024","ZM-0001","WEST-2024-L4","WEST-2024-L4-B3",3,4,10,17.27,9.46,78.86,302.49,121.22,7.07
"PLB-026xZM-0001","PLB-026","ZM-0001","WEST-2024-L4","WEST-2024-L4-B3",3,8,6,18.31,9.15,75.73,290.27,117.68,5.31
"PLB-045xZM-0001","PLB-045","ZM-0001","WEST-2024-L4","WEST-2024-L4-B3",3,1,4,16.46,9.04,73.75,287.91,123.82,5.82
"PLB-033xZM-0001","PLB-033","ZM-0001","WEST-2024-L4","WEST-2024-L4-B3",3,4,2,16.55,7.57,73.29,263.46,120.14,6.22
"PLB-030xZM-0001","PLB-030","ZM-0001","WEST-2024-L4","WEST-2024-L4-B3",3,7,5,16.51,8.73,74.31,284.01,119.36,6.9
"PLB-048xZM-0001","PLB-048","ZM-0001","WEST-2024-L4","WEST-2024-L4-B3",3,5,7,15.99,9.31,72.63,292.53,108.06,7.18
"PLB-052xZM-0001","PLB-052","ZM-0001","WEST-2024-L4","WEST-2024-L4-B3",3,9,9,17.4,8.9,73.19,274.21,120.04,8.32
"PLB-022xZM-0001","PLB-022","ZM-0001","WEST-2024-L4","WEST-2024-L4-B3",3,1,3,16.4,7.96,71.56,297.57,119.43,7.26
"PLB-008xZM-0001","PLB-008","ZM-0001","WEST-2024-L4","WEST-2024-L4-B3",3,11,7,14.63,8.98,74.04,301.39,115.68,7.33
"PLA-025xZM-0002","PLA-025","ZM-0002","WEST-2024-L4","WEST-2024-L4-B3",3,12,12,19.96,7.53,76.24,263.62,106.7,6.19
"PLA-015xZM-0002","PLA-015","ZM-0002","WEST-2024-L4","WEST-2024-L4-B3",3,11,9,20.23,7.75,76.57,263.24,115.65,6.51
"PLA-053xZM-0002","PLA-053","ZM-0002","WEST-2024-L4","WEST-2024-L4-B3",3,6,9,20.84,8.3,75.54,260.29,120.48,7.13
"PLA-055xZM-0002","PLA-055","ZM-0002","WEST-2024-L4","WEST-2024-L4-B3",3,9,10,17.36,9.16,77.29,272.64,117.23,6.66
"PLA-014xZM-0002","PLA-014","ZM-0002","WEST-2024-L4","WEST-2024-L4-B3",3,12,11,18.49,8.81,73.08,260.45,118.52,6.96
"PLA-008xZM-0002","PLA-008","ZM-0002","WEST-2024-L4","WEST-2024-L4-B3",3,7,4,20.89,8.56,76.13,274.96,119.32,5.24
"PLA-058xZM-0002","PLA-058","ZM-0002","WEST-2024-L4","WEST-2024-L4-B3",3,2,4,19.79,8.81,70.52,293.52,115.24,6.85
"PLA-024xZM-0002","PLA-024","ZM-0002","WEST-2024-L4","WEST-2024-L4-B3",3,10,2,19.35,9.18,78.02,251.86,124.5,5.79
"PLB-026xZM-0002","PLB-026","ZM-0002","WEST-2024-L4","WEST-2024-L4-B3",3,1,10,16.68,7.74,71.75,277.5,117.93,6.98
"PLB-045xZM-0002","PLB-045","ZM-0002","WEST-2024-L4","WEST-2024-L4-B3",3,12,2,17.99,8.51,74.39,264.59,120.32,8.02
"PLB-033xZM-0002","PLB-033","ZM-0002","WEST-2024-L4","WEST-2024-L4-B3",3,6,5,19.47,7.86,72.19,261.29,116.64,7.5
"PLB-030xZM-0002","PLB-030","ZM-0002","WEST-2024-L4","WEST-2024-L4-B3",3,9,7,16.47,9.49,76.85,260.26,117,6.82
"PLB-048xZM-0002","PLB-048","ZM-0002","WEST-2024-L4","WEST-2024-L4-B3",3,3,12,16.68,7.8,74.17,272.43,116.55,5.78
"PLB-052xZM-0002","PLB-052","ZM-0002","WEST-2024-L4","WEST-2024-L4-B3",3,3,7,16.02,8.27,69.6,301.69,120.63,7.36
"PLB-022xZM-0002","PLB-022","ZM-0002","WEST-2024-L4","WEST-2024-L4-B3",3,6,6,19.27,9.24,70.02,281.87,120.69,7.33
"PLB-008xZM-0002","PLB-008","ZM-0002","WEST-2024-L4","WEST-2024-L4-B3",3,4,9,17.34,8.66,75.64,282.89,118.2,6.17
"PLA-025xZM-0003","PLA-025","ZM-0003","WEST-2024-L4","WEST-2024-L4-B3",3,12,9,18.04,8.07,82.11,283.93,117.13,6.87
"PLA-015xZM-0003","PLA-015","ZM-0003","WEST-2024-L4","WEST-2024-L4-B3",3,1,5,20.32,8.81,76.59,296.33,116.18,6.96
"PLA-053xZM-0003","PLA-053","ZM-0003","WEST-2024-L4","WEST-2024-L4-B3",3,4,8,21.98,9.36,78.54,304.75,120.32,8.85
"PLA-055xZM-0003","PLA-055","ZM-0003","WEST-2024-L4","WEST-2024-L4-B3",3,4,11,18.75,7.68,79.58,277.26,119.8,6.86
"PLA-014xZM-0003","PLA-014","ZM-0003","WEST-2024-L4","WEST-2024-L4-B3",3,10,7,20.84,8.22,80.02,266.9,124.2,8.23
"PLA-008xZM-0003","PLA-008","ZM-0003","WEST-2024-L4","WEST-2024-L4-B3",3,10,1,19.5,8.21,76.79,284.42,121.96,8.21
"PLA-058xZM-0003","PLA-058","ZM-0003","WEST-2024-L4","WEST-2024-L4-B3",3,11,8,19.97,7.68,70.79,295.14,114.33,8.03
"PLA-024xZM-0003","PLA-024","ZM-0003","WEST-2024-L4","WEST-2024-L4-B3",3,3,1,18.41,8.6,76.15,290.79,123.99,8.34
"PLB-026xZM-0003","PLB-026","ZM-0003","WEST-2024-L4","WEST-2024-L4-B3",3,3,5,15.47,7.65,75.77,283.98,120.76,7.62
"PLB-045xZM-0003","PLB-045","ZM-0003","WEST-2024-L4","WEST-2024-L4-B3",3,1,7,18.59,8.64,79.08,264.64,118.59,8.55
"PLB-033xZM-0003","PLB-033","ZM-0003","WEST-2024-L4","WEST-2024-L4-B3",3,3,4,15.99,8.15,79.22,272.18,122.36,5.45
"PLB-030xZM-0003","PLB-030","ZM-0003","WEST-2024-L4","WEST-2024-L4-B3",3,4,6,17.17,7.74,77.46,268.02,120.61,5.79
"PLB-048xZM-0003","PLB-048","ZM-0003","WEST-2024-L4","WEST-2024-L4-B3",3,3,6,16.42,7.98,78.39,274.61,117.11,6.9
"PLB-052xZM-0003","PLB-052","ZM-0003","WEST-2024-L4","WEST-2024-L4-B3",3,6,10,19.51,8.24,76.99,278.19,123.44,8.87
"PLB-022xZM-0003","PLB-022","ZM-0003","WEST-2024-L4","WEST-2024-L4-B3",3,10,10,15.93,8.01,76.01,287.92,122.29,7.13
"PLB-008xZM-0003","PLB-008","ZM-0003","WEST-2024-L4","WEST-2024-L4-B3",3,7,1,15,7.56,75.3,286.77,118.34,7.57
"PLA-025xZM-0001","PLA-025","ZM-0001","WEST-2024-L5","WEST-2024-L5-B1",1,4,12,14.89,10.12,68.95,251.55,113.35,4.57
"PLA-015xZM-0001","PLA-015","ZM-0001","WEST-2024-L5","WEST-2024-L5-B1",1,6,5,12.6,10.57,72.62,266.6,120.58,4.74
"PLA-053xZM-0001","PLA-053","ZM-0001","WEST-2024-L5","WEST-2024-L5-B1",1,1,1,14.93,11.49,69.3,250.14,119.29,6.31
"PLA-055xZM-0001","PLA-055","ZM-0001","WEST-2024-L5","WEST-2024-L5-B1",1,8,3,14.91,11.23,70.39,250.68,118.31,3.42
"PLA-014xZM-0001","PLA-014","ZM-0001","WEST-2024-L5","WEST-2024-L5-B1",1,1,9,11.43,11.07,69.62,221.74,113.55,4.93
"PLA-008xZM-0001","PLA-008","ZM-0001","WEST-2024-L5","WEST-2024-L5-B1",1,1,11,12.21,10.36,70.5,254.88,124.12,5.47
"PLA-058xZM-0001","PLA-058","ZM-0001","WEST-2024-L5","WEST-2024-L5-B1",1,9,2,15.47,9.98,66.2,256.85,113.26,6.51
"PLA-024xZM-0001","PLA-024","ZM-0001","WEST-2024-L5","WEST-2024-L5-B1",1,9,8,12.44,10.17,65.1,235.85,123.42,5.3
"PLB-026xZM-0001","PLB-026","ZM-0001","WEST-2024-L5","WEST-2024-L5-B1",1,10,4,10.93,11.77,70.31,241.53,120.6,3.75
"PLB-045xZM-0001","PLB-045","ZM-0001","WEST-2024-L5","WEST-2024-L5-B1",1,1,7,14,10.84,65.28,240.36,120.46,4.45
"PLB-033xZM-0001","PLB-033","ZM-0001","WEST-2024-L5","WEST-2024-L5-B1",1,6,10,12,9.73,69.21,236.05,116.98,3
"PLB-030xZM-0001","PLB-030","ZM-0001","WEST-2024-L5","WEST-2024-L5-B1",1,5,12,10.85,10.13,72.31,239.4,120.46,5.72
"PLB-048xZM-0001","PLB-048","ZM-0001","WEST-2024-L5","WEST-2024-L5-B1",1,8,7,9.77,9.64,64.44,258.67,109.39,3.39
"PLB-052xZM-0001","PLB-052","ZM-0001","WEST-2024-L5","WEST-2024-L5-B1",1,5,1,11.94,10.39,69.44,266.57,119.78,6.18
"PLB-022xZM-0001","PLB-022","ZM-0001","WEST-2024-L5","WEST-2024-L5-B1",1,6,1,13.84,10.76,62.99,245.49,120.32,5.37
"PLB-008xZM-0001","PLB-008","ZM-0001","WEST-2024-L5","WEST-2024-L5-B1",1,8,12,10.14,10.53,69.31,242.68,120.5,4.12
"PLA-025xZM-0002","PLA-025","ZM-0002","WEST-2024-L5","WEST-2024-L5-B1",1,10,5,13.13,10.26,70.63,232.31,116.38,4.18
"PLA-015xZM-0002","PLA-015","ZM-0002","WEST-2024-L5","WEST-2024-L5-B1",1,3,8,15.21,9.39,72.72,245.37,114.14,3.25
"PLA-053xZM-0002","PLA-053","ZM-0002","WEST-2024-L5","WEST-2024-L5-B1",1,3,10,13.21,9.64,66.78,234.03,116.17,6.31
"PLA-055xZM-0002","PLA-055","ZM-0002","WEST-2024-L5","WEST-2024-L5-B1",1,4,6,17.59,10.06,76.15,234.03,112.93,4.1
"PLA-014xZM-0002","PLA-014","ZM-0002","WEST-2024-L5","WEST-2024-L5-B1",1,2,2,15.55,10.93,71.12,231.65,121.04,5.33
"PLA-008xZM-0002","PLA-008","ZM-0002","WEST-2024-L5","WEST-2024-L5-B1",1,5,2,14.76,10.11,74.33,244.06,122.28,4.52
"PLA-058xZM-0002","PLA-058","ZM-0002","WEST-2024-L5","WEST-2024-L5-B1",1,6,9,13.22,8.7,60.76,245.34,112.9,3.68
"PLA-024xZM-0002","PLA-024","ZM-0002","WEST-2024-L5","WEST-2024-L5-B1",1,3,7,18.66,10.19,74.09,223.72,120.3,4.37
"PLB-026xZM-0002","PLB-026","ZM-0002","WEST-2024-L5","WEST-2024-L5-B1",1,1,8,10.7,9.25,69.43,231.68,123.03,4.37
"PLB-045xZM-0002","PLB-045","ZM-0002","WEST-2024-L5","WEST-2024-L5-B1",1,12,3,12.7,10.98,71.22,246.69,120.68,4.13
"PLB-033xZM-0002","PLB-033","ZM-0002","WEST-2024-L5","WEST-2024-L5-B1",1,11,10,15.39,10.18,68.94,217.44,118.74,4.18
"PLB-030xZM-0002","PLB-030","ZM-0002","WEST-2024-L5","WEST-2024-L5-B1",1,10,6,13.88,9.79,74.16,225.35,117.78,4.56
"PLB-048xZM-0002","PLB-048","ZM-0002","WEST-2024-L5","WEST-2024-L5-B1",1,9,5,13.12,8.69,68.14,255.45,116.05,4.61
"PLB-052xZM-0002","PLB-052","ZM-0002","WEST-2024-L5","WEST-2024-L5-B1",1,7,6,10.75,9.76,68.89,244.74,122.49,4.14
"PLB-022xZM-0002","PLB-022","ZM-0002","WEST-2024-L5","WEST-2024-L5-B1",1,5,3,11.47,10.28,75.6,230.47,117.61,4.85
"PLB-008xZM-0002","PLB-008","ZM-0002","WEST-2024-L5","WEST-2024-L5-B1",1,11,4,10.9,9.27,70.67,240.51,120.49,4.49
"PLA-025xZM-0003","PLA-025","ZM-0003","WEST-2024-L5","WEST-2024-L5-B1",1,2,9,12.05,9.36,76.93,231.68,119.64,5.4
"PLA-015xZM-0003","PLA-015","ZM-0003","WEST-2024-L5","WEST-2024-L5-B1",1,9,10,12.69,9.83,73.62,261.34,116.94,5.31
"PLA-053xZM-0003","PLA-053","ZM-0003","WEST-2024-L5","WEST-2024-L5-B1",1,3,3,16.08,10.46,72.32,255.33,119.76,5.73
"PLA-055xZM-0003","PLA-055","ZM-0003","WEST-2024-L5","WEST-2024-L5-B1",1,1,10,13.53,9.24,75.43,220.85,119.21,3.69
"PLA-014xZM-0003","PLA-014","ZM-0003","WEST-2024-L5","WEST-2024-L5-B1",1,7,11,12.45,10.49,74.7,240,127.3,5.14
"PLA-008xZM-0003","PLA-008","ZM-0003","WEST-2024-L5","WEST-2024-L5-B1",1,7,2,12.69,10.01,75.57,230.03,125.63,5.23
"PLA-058xZM-0003","PLA-058","ZM-0003","WEST-2024-L5","WEST-2024-L5-B1",1,11,2,15.09,9.23,68.44,272.35,119.23,5.88
"PLA-024xZM-0003","PLA-024","ZM-0003","WEST-2024-L5","WEST-2024-L5-B1",1,7,3,12.75,10.79,71.5,251.42,125.86,6.04
"PLB-026xZM-0003","PLB-026","ZM-0003","WEST-2024-L5","WEST-2024-L5-B1",1,4,8,11.32,10.38,73.85,223.13,123.18,5.05
"PLB-045xZM-0003","PLB-045","ZM-0003","WEST-2024-L5","WEST-2024-L5-B1",1,5,7,14.31,10.49,70.66,237.06,124.39,5.14
"PLB-033xZM-0003","PLB-033","ZM-0003","WEST-2024-L5","WEST-2024-L5-B1",1,7,5,12.93,8.79,66.93,263.81,120.37,4.29
"PLB-030xZM-0003","PLB-030","ZM-0003","WEST-2024-L5","WEST-2024-L5-B1",1,12,9,13.1,11.26,72.38,232.6,122.11,4.79
"PLB-048xZM-0003","PLB-048","ZM-0003","WEST-2024-L5","WEST-2024-L5-B1",1,5,8,9.51,9.73,69.05,242.76,114.1,4.02
"PLB-052xZM-0003","PLB-052","ZM-0003","WEST-2024-L5","WEST-2024-L5-B1",1,9,11,13.17,10.28,73.27,252.86,122.26,6.47
"PLB-022xZM-0003","PLB-022","ZM-0003","WEST-2024-L5","WEST-2024-L5-B1",1,7,9,12.66,10.59,66.11,252.96,124.04,6.12
"PLB-008xZM-0003","PLB-008","ZM-0003","WEST-2024-L5","WEST-2024-L5-B1",1,12,5,10.56,9.15,71.99,244.73,117.71,6.28
"PLA-025xZM-0001","PLA-025","ZM-0001","WEST-2024-L5","WEST-2024-L5-B2",2,8,9,11.45,10.87,69.9,257.71,115.87,4.78
"PLA-015xZM-0001","PLA-015","ZM-0001","WEST-2024-L5","WEST-2024-L5-B2",2,12,4,11.13,11.25,78.67,234.83,120.53,4.29
"PLA-053xZM-0001","PLA-053","ZM-0001","WEST-2024-L5","WEST-2024-L5-B2",2,4,7,13.2,10.83,67.47,230.67,117.34,5.58
"PLA-055xZM-0001","PLA-055","ZM-0001","WEST-2024-L5","WEST-2024-L5-B2",2,11,9,11.58,10.95,71.63,237.82,121.49,3.03
"PLA-014xZM-0001","PLA-014","ZM-0001","WEST-2024-L5","WEST-2024-L5-B2",2,3,12,13.1,11.27,75.44,215.53,119.76,5.56
"PLA-008xZM-0001","PLA-008","ZM-0001","WEST-2024-L5","WEST-2024-L5-B2",2,2,4,10.3,10.25,71.47,240.19,124.17,5.9
"PLA-058xZM-0001","PLA-058","ZM-0001","WEST-2024-L5","WEST-2024-L5-B2",2,10,7,15.46,9.91,64.15,221.03,117.69,6.16
"PLA-024xZM-0001","PLA-024","ZM-0001","WEST-2024-L5","WEST-2024-L5-B2",2,12,11,10.43,12.23,74.14,244.97,128.01,4.46
"PLB-026xZM-0001","PLB-026","ZM-0001","WEST-2024-L5","WEST-2024-L5-B2",2,11,7,10.45,9.84,64.99,238.63,122.54,3.62
"PLB-045xZM-0001","PLB-045","ZM-0001","WEST-2024-L5","WEST-2024-L5-B2",2,3,5,11.01,10.95,70.03,228.28,127.3,4.12
"PLB-033xZM-0001","PLB-033","ZM-0001","WEST-2024-L5","WEST-2024-L5-B2",2,6,11,10.24,11.33,67.35,228.23,124.77,4.25
"PLB-030xZM-0001","PLB-030","ZM-0001","WEST-2024-L5","WEST-2024-L5-B2",2,2,5,8.6,11.47,74.25,246.37,120.32,4.3
"PLB-048xZM-0001","PLB-048","ZM-0001","WEST-2024-L5","WEST-2024-L5-B2",2,11,3,11.05,11.22,61.99,250.11,117.47,5.1
"PLB-052xZM-0001","PLB-052","ZM-0001","WEST-2024-L5","WEST-2024-L5-B2",2,12,10,10.86,11.32,68.08,244.78,123.66,4.33
"PLB-022xZM-0001","PLB-022","ZM-0001","WEST-2024-L5","WEST-2024-L5-B2",2,6,4,11.86,10.12,68.31,225.15,122.02,6.11
"PLB-008xZM-0001","PLB-008","ZM-0001","WEST-2024-L5","WEST-2024-L5-B2",2,11,8,10.99,9.81,70.27,232.68,119.79,3.99
"PLA-025xZM-0002","PLA-025","ZM-0002","WEST-2024-L5","WEST-2024-L5-B2",2,5,5,14.25,9.88,74.61,257,119.33,4.92
"PLA-015xZM-0002","PLA-015","ZM-0002","WEST-2024-L5","WEST-2024-L5-B2",2,5,4,13.26,9.96,73.9,246.52,115.72,5.34
"PLA-053xZM-0002","PLA-053","ZM-0002","WEST-2024-L5","WEST-2024-L5-B2",2,11,6,13.28,9.66,70.5,225.21,121.28,6.07
"PLA-055xZM-0002","PLA-055","ZM-0002","WEST-2024-L5","WEST-2024-L5-B2",2,6,12,12.43,9.94,73.5,221.34,121.57,5.05
"PLA-014xZM-0002","PLA-014","ZM-0002","WEST-2024-L5","WEST-2024-L5-B2",2,10,1,11.04,11.36,71.03,227.16,125.14,5.26
"PLA-008xZM-0002","PLA-008","ZM-0002","WEST-2024-L5","WEST-2024-L5-B2",2,5,6,13.52,9.48,71.55,211.93,122.09,4.88
"PLA-058xZM-0002","PLA-058","ZM-0002","WEST-2024-L5","WEST-2024-L5-B2",2,7,10,16.13,8.77,63.73,235.17,113.47,4.98
"PLA-024xZM-0002","PLA-024","ZM-0002","WEST-2024-L5","WEST-2024-L5-B2",2,9,1,10.02,11,75.48,246.13,126.46,6.45
"PLB-026xZM-0002","PLB-026","ZM-0002","WEST-2024-L5","WEST-2024-L5-B2",2,6,6,11.93,10.76,70.69,238.27,118.3,4.35
"PLB-045xZM-0002","PLB-045","ZM-0002","WEST-2024-L5","WEST-2024-L5-B2",2,8,11,13.94,9.65,72.92,239.07,128,4.86
"PLB-033xZM-0002","PLB-033","ZM-0002","WEST-2024-L5","WEST-2024-L5-B2",2,8,2,13.29,12.19,70.68,198.88,116.61,4.67
"PLB-030xZM-0002","PLB-030","ZM-0002","WEST-2024-L5","WEST-2024-L5-B2",2,12,2,12.09,9.87,78.67,231.11,120.55,4.58
"PLB-048xZM-0002","PLB-048","ZM-0002","WEST-2024-L5","WEST-2024-L5-B2",2,1,12,11.94,9.9,73.95,239.89,117.62,4.31
"PLB-052xZM-0002","PLB-052","ZM-0002","WEST-2024-L5","WEST-2024-L5-B2",2,2,6,12.21,10.34,72.13,229.38,121.16,4.93
"PLB-022xZM-0002","PLB-022","ZM-0002","WEST-2024-L5","WEST-2024-L5-B2",2,12,7,11.9,9.72,71.39,222.52,116.78,4.23
"PLB-008xZM-0002","PLB-008","ZM-0002","WEST-2024-L5","WEST-2024-L5-B2",2,3,1,11.83,10.79,72.95,232.94,121.94,4.95
"PLA-025xZM-0003","PLA-025","ZM-0003","WEST-2024-L5","WEST-2024-L5-B2",2,2,8,10.78,9.91,71.71,253.32,120.79,4.35
"PLA-015xZM-0003","PLA-015","ZM-0003","WEST-2024-L5","WEST-2024-L5-B2",2,11,11,12,10.63,77.2,250.73,120.83,4.81
"PLA-053xZM-0003","PLA-053","ZM-0003","WEST-2024-L5","WEST-2024-L5-B2",2,7,8,13.94,9.19,76.49,251.26,123.34,4.87
"PLA-055xZM-0003","PLA-055","ZM-0003","WEST-2024-L5","WEST-2024-L5-B2",2,8,8,13.12,10.25,75.43,244.72,117.56,3.33
"PLA-014xZM-0003","PLA-014","ZM-0003","WEST-2024-L5","WEST-2024-L5-B2",2,4,5,14.6,10.98,75.41,236.81,126.65,5.1
"PLA-008xZM-0003","PLA-008","ZM-0003","WEST-2024-L5","WEST-2024-L5-B2",2,4,4,12.76,10.28,70.65,223.91,124.38,4.61
"PLA-058xZM-0003","PLA-058","ZM-0003","WEST-2024-L5","WEST-2024-L5-B2",2,8,1,18.46,9.42,69.24,253.27,118.25,5.58
"PLA-024xZM-0003","PLA-024","ZM-0003","WEST-2024-L5","WEST-2024-L5-B2",2,4,1,11.59,10.38,80.38,244.26,129.35,6.24
"PLB-026xZM-0003","PLB-026","ZM-0003","WEST-2024-L5","WEST-2024-L5-B2",2,2,1,11.55,10.44,75.65,245.73,126.09,5.94
"PLB-045xZM-0003","PLB-045","ZM-0003","WEST-2024-L5","WEST-2024-L5-B2",2,4,3,12.56,10.86,73.04,243.54,130.22,5.78
"PLB-033xZM-0003","PLB-033","ZM-0003","WEST-2024-L5","WEST-2024-L5-B2",2,11,1,12.66,10.76,77.66,232.74,126.34,3.81
"PLB-030xZM-0003","PLB-030","ZM-0003","WEST-2024-L5","WEST-2024-L5-B2",2,5,11,10.15,10.43,70.2,230.31,123.2,4.99
"PLB-048xZM-0003","PLB-048","ZM-0003","WEST-2024-L5","WEST-2024-L5-B2",2,5,9,10.13,9.14,69.81,278.32,121.09,5.03
"PLB-052xZM-0003","PLB-052","ZM-0003","WEST-2024-L5","WEST-2024-L5-B2",2,6,2,11.94,10.51,71.35,262.75,125.96,6.98
"PLB-022xZM-0003","PLB-022","ZM-0003","WEST-2024-L5","WEST-2024-L5-B2",2,10,12,11.82,11.36,66.52,261.98,125.27,5.82
"PLB-008xZM-0003","PLB-008","ZM-0003","WEST-2024-L5","WEST-2024-L5-B2",2,1,6,8.56,10.01,71.39,262.43,122.14,5.72
"PLA-025xZM-0001","PLA-025","ZM-0001","WEST-2024-L5","WEST-2024-L5-B3",3,11,12,11.24,10.14,69.88,239.35,117.08,5.4
"PLA-015xZM-0001","PLA-015","ZM-0001","WEST-2024-L5","WEST-2024-L5-B3",3,8,6,9.91,12.28,69.6,251.3,116.15,5.14
"PLA-053xZM-0001","PLA-053","ZM-0001","WEST-2024-L5","WEST-2024-L5-B3",3,8,10,11.69,10.73,68.28,259.77,120.38,6.36
"PLA-055xZM-0001","PLA-055","ZM-0001","WEST-2024-L5","WEST-2024-L5-B3",3,9,9,13.08,10.22,68.03,226.62,116.49,4.03
"PLA-014xZM-0001","PLA-014","ZM-0001","WEST-2024-L5","WEST-2024-L5-B3",3,3,2,9.9,11.64,71.29,232.88,117.48,5.36
"PLA-008xZM-0001","PLA-008","ZM-0001","WEST-2024-L5","WEST-2024-L5-B3",3,2,11,11.46,10.66,68.17,254.9,123.42,5.77
"PLA-058xZM-0001","PLA-058","ZM-0001","WEST-2024-L5","WEST-2024-L5-B3",3,1,3,14.57,10.58,62.08,243.67,116.36,5.48
"PLA-024xZM-0001","PLA-024","ZM-0001","WEST-2024-L5","WEST-2024-L5-B3",3,10,3,9.24,12.48,72.91,242.4,127.21,6.26
"PLB-026xZM-0001","PLB-026","ZM-0001","WEST-2024-L5","WEST-2024-L5-B3",3,3,6,12.24,11.28,68.63,245.7,118.43,4.96
"PLB-045xZM-0001","PLB-045","ZM-0001","WEST-2024-L5","WEST-2024-L5-B3",3,11,5,9.47,11.99,63.13,243.26,124.49,5.08
"PLB-033xZM-0001","PLB-033","ZM-0001","WEST-2024-L5","WEST-2024-L5-B3",3,7,4,11.05,10.95,71.39,235.7,122.45,4.92
"PLB-030xZM-0001","PLB-030","ZM-0001","WEST-2024-L5","WEST-2024-L5-B3",3,2,7,8.38,10.27,77.26,231.86,119.14,5.29
"PLB-048xZM-0001","PLB-048","ZM-0001","WEST-2024-L5","WEST-2024-L5-B3",3,9,4,9.95,10.48,68.62,252.42,114.51,4.62
"PLB-052xZM-0001","PLB-052","ZM-0001","WEST-2024-L5","WEST-2024-L5-B3",3,9,3,8.74,9.88,63.31,230.5,120.6,7.06
"PLB-022xZM-0001","PLB-022","ZM-0001","WEST-2024-L5","WEST-2024-L5-B3",3,8,5,11.13,10.92,61.15,248.64,122.72,6.26
"PLB-008xZM-0001","PLB-008","ZM-0001","WEST-2024-L5","WEST-2024-L5-B3",3,12,8,8.13,10.94,67.18,242.39,119.71,4.91
"PLA-025xZM-0002","PLA-025","ZM-0002","WEST-2024-L5","WEST-2024-L5-B3",3,9,7,11.48,9.14,76.66,231.34,115.98,5.25
"PLA-015xZM-0002","PLA-015","ZM-0002","WEST-2024-L5","WEST-2024-L5-B3",3,1,2,16.73,10.15,74.36,244.86,117.64,4.39
"PLA-053xZM-0002","PLA-053","ZM-0002","WEST-2024-L5","WEST-2024-L5-B3",3,4,11,13.13,11.11,66.26,225.6,119.98,7.16
"PLA-055xZM-0002","PLA-055","ZM-0002","WEST-2024-L5","WEST-2024-L5-B3",3,9,12,14.14,10.11,73.45,229.74,123.64,4.86
"PLA-014xZM-0002","PLA-014","ZM-0002","WEST-2024-L5","WEST-2024-L5-B3",3,2,12,13.24,11.08,72.58,226.41,120.27,5.89
"PLA-008xZM-0002","PLA-008","ZM-0002","WEST-2024-L5","WEST-2024-L5-B3",3,10,2,13.59,10.95,75.32,247.87,123.36,5.45
"PLA-058xZM-0002","PLA-058","ZM-0002","WEST-2024-L5","WEST-2024-L5-B3",3,4,10,15.67,9.69,67.89,264.04,117.52,5.86
"PLA-024xZM-0002","PLA-024","ZM-0002","WEST-2024-L5","WEST-2024-L5-B3",3,4,9,12.66,9.53,70.58,228,120.83,5.4
"PLB-026xZM-0002","PLB-026","ZM-0002","WEST-2024-L5","WEST-2024-L5-B3",3,1,4,13.88,10.78,74.61,223.25,121.24,4.95
"PLB-045xZM-0002","PLB-045","ZM-0002","WEST-2024-L5","WEST-2024-L5-B3",3,3,9,11.61,10.11,71.86,229.89,125.6,4.54
"PLB-033xZM-0002","PLB-033","ZM-0002","WEST-2024-L5","WEST-2024-L5-B3",3,7,7,12.74,9.81,64.17,223.34,118.82,3.33
"PLB-030xZM-0002","PLB-030","ZM-0002","WEST-2024-L5","WEST-2024-L5-B3",3,3,4,9.21,11.07,73.44,233.31,116.49,5.42
"PLB-048xZM-0002","PLB-048","ZM-0002","WEST-2024-L5","WEST-2024-L5-B3",3,10,11,9.68,9.29,68.55,231.63,119.42,5.16
"PLB-052xZM-0002","PLB-052","ZM-0002","WEST-2024-L5","WEST-2024-L5-B3",3,6,7,13.15,10.21,69.84,239.8,122.74,5.43
"PLB-022xZM-0002","PLB-022","ZM-0002","WEST-2024-L5","WEST-2024-L5-B3",3,8,4,10.91,10.13,71.75,223.02,122.8,5.99
"PLB-008xZM-0002","PLB-008","ZM-0002","WEST-2024-L5","WEST-2024-L5-B3",3,6,8,11.45,9.85,71.29,230.55,120.87,3.31
"PLA-025xZM-0003","PLA-025","ZM-0003","WEST-2024-L5","WEST-2024-L5-B3",3,10,8,10.66,10.23,75.17,230.53,116.65,6
"PLA-015xZM-0003","PLA-015","ZM-0003","WEST-2024-L5","WEST-2024-L5-B3",3,1,5,12.69,9.68,72.85,248.3,120.37,5.68
"PLA-053xZM-0003","PLA-053","ZM-0003","WEST-2024-L5","WEST-2024-L5-B3",3,7,1,16.86,9.89,77.3,244.23,130.06,6.27
"PLA-055xZM-0003","PLA-055","ZM-0003","WEST-2024-L5","WEST-2024-L5-B3",3,6,3,13.98,9.85,74.88,238.18,122.97,4.61
"PLA-014xZM-0003","PLA-014","ZM-0003","WEST-2024-L5","WEST-2024-L5-B3",3,12,1,10.4,11.06,79.29,248.05,126.23,5.75
"PLA-008xZM-0003","PLA-008","ZM-0003","WEST-2024-L5","WEST-2024-L5-B3",3,3,11,10.04,9.56,77.96,235.05,125.38,4.05
"PLA-058xZM-0003","PLA-058","ZM-0003","WEST-2024-L5","WEST-2024-L5-B3",3,2,10,15,10,69.98,246.73,121.56,6.02
"PLA-024xZM-0003","PLA-024","ZM-0003","WEST-2024-L5","WEST-2024-L5-B3",3,9,6,12.77,10.95,78.41,244.55,125.83,7.41
"PLB-026xZM-0003","PLB-026","ZM-0003","WEST-2024-L5","WEST-2024-L5-B3",3,4,2,12.5,9.93,79.93,255.41,123.07,6.95
"PLB-045xZM-0003","PLB-045","ZM-0003","WEST-2024-L5","WEST-2024-L5-B3",3,12,12,12.8,10.33,73.53,252.88,125.65,6.23
"PLB-033xZM-0003","PLB-033","ZM-0003","WEST-2024-L5","WEST-2024-L5-B3",3,5,10,11.71,8.82,73.9,251.82,121.59,4.59
"PLB-030xZM-0003","PLB-030","ZM-0003","WEST-2024-L5","WEST-2024-L5-B3",3,12,6,10.1,9.51,73.78,224.6,121.25,4.35
"PLB-048xZM-0003","PLB-048","ZM-0003","WEST-2024-L5","WEST-2024-L5-B3",3,7,12,11.53,8.85,74.33,251.59,115.52,5.1
"PLB-052xZM-0003","PLB-052","ZM-0003","WEST-2024-L5","WEST-2024-L5-B3",3,2,3,12.52,10.13,71.34,233.12,123.36,6.5
"PLB-022xZM-0003","PLB-022","ZM-0003","WEST-2024-L5","WEST-2024-L5-B3",3,10,10,9.82,10.38,66.34,228.84,129.4,5.13
"PLB-008xZM-0003","PLB-008","ZM-0003","WEST-2024-L5","WEST-2024-L5-B3",3,10,9,10.01,9.34,76.62,226.68,119.34,6.59
"PLA-025xZM-0001","PLA-025","ZM-0001","WEST-2024-L6","WEST-2024-L6-B1",1,12,8,17.9,7.94,75.05,293.68,114.02,7.8
"PLA-015xZM-0001","PLA-015","ZM-0001","WEST-2024-L6","WEST-2024-L6-B1",1,10,7,15.57,9.18,84.39,294.46,110.26,7.95
"PLA-053xZM-0001","PLA-053","ZM-0001","WEST-2024-L6","WEST-2024-L6-B1",1,7,10,16.78,8.74,75.37,295.63,113,9.31
"PLA-055xZM-0001","PLA-055","ZM-0001","WEST-2024-L6","WEST-2024-L6-B1",1,6,4,14.46,7.61,72.71,296.05,112.34,4.81
"PLA-014xZM-0001","PLA-014","ZM-0001","WEST-2024-L6","WEST-2024-L6-B1",1,10,6,16.46,9.4,73.71,285.38,114.22,7.59
"PLA-008xZM-0001","PLA-008","ZM-0001","WEST-2024-L6","WEST-2024-L6-B1",1,10,10,16.53,8.75,74.61,312.71,120.45,6.61
"PLA-058xZM-0001","PLA-058","ZM-0001","WEST-2024-L6","WEST-2024-L6-B1",1,10,2,17.56,8.71,70.62,304.66,108.73,7.55
"PLA-024xZM-0001","PLA-024","ZM-0001","WEST-2024-L6","WEST-2024-L6-B1",1,12,4,14.58,9.57,80.73,293.31,122.48,7.86
"PLB-026xZM-0001","PLB-026","ZM-0001","WEST-2024-L6","WEST-2024-L6-B1",1,4,8,12.42,9.24,77.82,301.2,115.23,6.2
"PLB-045xZM-0001","PLB-045","ZM-0001","WEST-2024-L6","WEST-2024-L6-B1",1,6,5,12.17,8.57,77.28,278.92,114.23,5.79
"PLB-033xZM-0001","PLB-033","ZM-0001","WEST-2024-L6","WEST-2024-L6-B1",1,8,10,13.03,6.95,77.3,289.07,116.54,5.36
"PLB-030xZM-0001","PLB-030","ZM-0001","WEST-2024-L6","WEST-2024-L6-B1",1,6,9,9.96,9.03,82.75,286.05,117.27,7.04
"PLB-048xZM-0001","PLB-048","ZM-0001","WEST-2024-L6","WEST-2024-L6-B1",1,1,8,13.01,8.63,75.79,313.32,109.74,7.21
"PLB-052xZM-0001","PLB-052","ZM-0001","WEST-2024-L6","WEST-2024-L6-B1",1,7,4,12.78,8.83,71,284.21,113.04,7.53
"PLB-022xZM-0001","PLB-022","ZM-0001","WEST-2024-L6","WEST-2024-L6-B1",1,12,9,13.86,8.29,77.14,285.34,119.56,8.38
"PLB-008xZM-0001","PLB-008","ZM-0001","WEST-2024-L6","WEST-2024-L6-B1",1,8,9,13.15,8.46,76.37,294.85,116.37,5.65
"PLA-025xZM-0002","PLA-025","ZM-0002","WEST-2024-L6","WEST-2024-L6-B1",1,3,1,16.72,7.74,80.63,302.59,109.01,7.07
"PLA-015xZM-0002","PLA-015","ZM-0002","WEST-2024-L6","WEST-2024-L6-B1",1,2,12,16.79,7.93,79.17,291.97,108.9,7.63
"PLA-053xZM-0002","PLA-053","ZM-0002","WEST-2024-L6","WEST-2024-L6-B1",1,11,11,14.26,8.76,78.69,281.18,117.92,7.81
"PLA-055xZM-0002","PLA-055","ZM-0002","WEST-2024-L6","WEST-2024-L6-B1",1,8,11,14.19,8.16,74.64,276.25,113.89,6.12
"PLA-014xZM-0002","PLA-014","ZM-0002","WEST-2024-L6","WEST-2024-L6-B1",1,10,9,13.82,7.52,79.87,257.6,117.6,7.81
"PLA-008xZM-0002","PLA-008","ZM-0002","WEST-2024-L6","WEST-2024-L6-B1",1,10,4,13.44,7.94,82.07,265.17,116.69,5.44
"PLA-058xZM-0002","PLA-058","ZM-0002","WEST-2024-L6","WEST-2024-L6-B1",1,9,1,18.77,7.54,77.43,282.69,110.62,6.6
"PLA-024xZM-0002","PLA-024","ZM-0002","WEST-2024-L6","WEST-2024-L6-B1",1,7,5,16.46,8.16,76.98,274.89,117.81,5.4
"PLB-026xZM-0002","PLB-026","ZM-0002","WEST-2024-L6","WEST-2024-L6-B1",1,12,7,15.35,7.61,80.38,286.17,112.13,6.25
"PLB-045xZM-0002","PLB-045","ZM-0002","WEST-2024-L6","WEST-2024-L6-B1",1,5,12,17.34,7.69,74.19,306.11,118.81,6.5
"PLB-033xZM-0002","PLB-033","ZM-0002","WEST-2024-L6","WEST-2024-L6-B1",1,6,2,16.56,7.81,78.12,258.16,108.23,5.51
"PLB-030xZM-0002","PLB-030","ZM-0002","WEST-2024-L6","WEST-2024-L6-B1",1,7,8,11.98,8.47,84.99,272.45,112.51,6.14
"PLB-048xZM-0002","PLB-048","ZM-0002","WEST-2024-L6","WEST-2024-L6-B1",1,5,7,14.7,7.55,78.17,279.39,110.46,6.34
"PLB-052xZM-0002","PLB-052","ZM-0002","WEST-2024-L6","WEST-2024-L6-B1",1,5,8,14.43,8.42,77.23,283.07,115.17,6.69
"PLB-022xZM-0002","PLB-022","ZM-0002","WEST-2024-L6","WEST-2024-L6-B1",1,2,2,18.08,8.08,74.49,282.78,114.98,7.34
"PLB-008xZM-0002","PLB-008","ZM-0002","WEST-2024-L6","WEST-2024-L6-B1",1,5,9,14.02,6.72,80.78,296.39,114.79,6.11
"PLA-025xZM-0003","PLA-025","ZM-0003","WEST-2024-L6","WEST-2024-L6-B1",1,9,5,17.13,7.41,76.72,282.95,110.59,7.86
"PLA-015xZM-0003","PLA-015","ZM-0003","WEST-2024-L6","WEST-2024-L6-B1",1,9,10,17.26,7.93,84.55,318.17,115.44,8.07
"PLA-053xZM-0003","PLA-053","ZM-0003","WEST-2024-L6","WEST-2024-L6-B1",1,9,6,15.4,8.03,79.77,278.13,118.35,7.36
"PLA-055xZM-0003","PLA-055","ZM-0003","WEST-2024-L6","WEST-2024-L6-B1",1,7,12,14.6,7.09,82.39,268.37,113.21,7.25
"PLA-014xZM-0003","PLA-014","ZM-0003","WEST-2024-L6","WEST-2024-L6-B1",1,8,12,14.91,7.73,81.74,285.46,118.7,9
"PLA-008xZM-0003","PLA-008","ZM-0003","WEST-2024-L6","WEST-2024-L6-B1",1,7,11,13.76,8.36,81.8,283.29,116.36,6.78
"PLA-058xZM-0003","PLA-058","ZM-0003","WEST-2024-L6","WEST-2024-L6-B1",1,9,9,19.34,7.55,80.44,321.39,112.82,9.33
"PLA-024xZM-0003","PLA-024","ZM-0003","WEST-2024-L6","WEST-2024-L6-B1",1,6,8,18.36,7.84,82.5,312.41,120.2,6.73
"PLB-026xZM-0003","PLB-026","ZM-0003","WEST-2024-L6","WEST-2024-L6-B1",1,4,6,14.77,8.51,82.76,296.55,114.74,7.59
"PLB-045xZM-0003","PLB-045","ZM-0003","WEST-2024-L6","WEST-2024-L6-B1",1,12,2,15.94,8.51,82.22,317.41,120.93,8.2
"PLB-033xZM-0003","PLB-033","ZM-0003","WEST-2024-L6","WEST-2024-L6-B1",1,5,3,14.09,6.68,78.44,297.68,116.8,6.18
"PLB-030xZM-0003","PLB-030","ZM-0003","WEST-2024-L6","WEST-2024-L6-B1",1,8,2,12.59,7.67,82.82,273.86,117.43,5.12
"PLB-048xZM-0003","PLB-048","ZM-0003","WEST-2024-L6","WEST-2024-L6-B1",1,12,1,14.13,6.85,77.06,297.63,113.11,8.38
"PLB-052xZM-0003","PLB-052","ZM-0003","WEST-2024-L6","WEST-2024-L6-B1",1,8,3,14.26,7.74,77.93,308.39,119.8,8.34
"PLB-022xZM-0003","PLB-022","ZM-0003","WEST-2024-L6","WEST-2024-L6-B1",1,2,7,16.2,7.71,79.81,278.15,121.1,7.03
"PLB-008xZM-0003","PLB-008","ZM-0003","WEST-2024-L6","WEST-2024-L6-B1",1,8,7,12.4,7.84,78.38,284.57,117.83,6.89
"PLA-025xZM-0001","PLA-025","ZM-0001","WEST-2024-L6","WEST-2024-L6-B2",2,9,4,16.99,8.3,79.12,293.93,111.76,5.75
"PLA-015xZM-0001","PLA-015","ZM-0001","WEST-2024-L6","WEST-2024-L6-B2",2,1,9,15.57,9.64,77.79,314.62,114.21,6.74
"PLA-053xZM-0001","PLA-053","ZM-0001","WEST-2024-L6","WEST-2024-L6-B2",2,11,4,16.67,9.31,78.72,300.98,118.62,7.41
"PLA-055xZM-0001","PLA-055","ZM-0001","WEST-2024-L6","WEST-2024-L6-B2",2,6,11,13.57,7.27,74.12,278.27,112.6,5.02
"PLA-014xZM-0001","PLA-014","ZM-0001","WEST-2024-L6","WEST-2024-L6-B2",2,12,5,16.8,8.77,81.58,280.62,114.64,8.09
"PLA-008xZM-0001","PLA-008","ZM-0001","WEST-2024-L6","WEST-2024-L6-B2",2,8,8,14.15,8.47,81.2,298.71,119.29,7.26
"PLA-058xZM-0001","PLA-058","ZM-0001","WEST-2024-L6","WEST-2024-L6-B2",2,12,6,18.68,6.69,75.47,306.33,113.97,7.67
"PLA-024xZM-0001","PLA-024","ZM-0001","WEST-2024-L6","WEST-2024-L6-B2",2,1,2,16.99,9.84,76.58,295.25,118.21,6.49
"PLB-026xZM-0001","PLB-026","ZM-0001","WEST-2024-L6","WEST-2024-L6-B2",2,8,4,15.16,9.91,77.36,294.81,113.36,4.24
"PLB-045xZM-0001","PLB-045","ZM-0001","WEST-2024-L6","WEST-2024-L6-B2",2,1,12,17.64,9.12,73.47,296.65,117.5,5.96
"PLB-033xZM-0001","PLB-033","ZM-0001","WEST-2024-L6","WEST-2024-L6-B2",2,1,5,14.79,8.73,80.49,289.84,118.75,4.46
"PLB-030xZM-0001","PLB-030","ZM-0001","WEST-2024-L6","WEST-2024-L6-B2",2,3,5,15.87,7.58,79.3,296.98,115.01,6.13
"PLB-048xZM-0001","PLB-048","ZM-0001","WEST-2024-L6","WEST-2024-L6-B2",2,9,7,14.29,8.33,75.23,306.16,108.54,7.65
"PLB-052xZM-0001","PLB-052","ZM-0001","WEST-2024-L6","WEST-2024-L6-B2",2,8,1,15.71,8.35,75.74,299.74,116.56,6.12
"PLB-022xZM-0001","PLB-022","ZM-0001","WEST-2024-L6","WEST-2024-L6-B2",2,1,10,13.85,8.11,75.43,290.46,120.06,7.65
"PLB-008xZM-0001","PLB-008","ZM-0001","WEST-2024-L6","WEST-2024-L6-B2",2,2,11,15.25,9.07,78.81,288.81,114.22,7.04
"PLA-025xZM-0002","PLA-025","ZM-0002","WEST-2024-L6","WEST-2024-L6-B2",2,3,4,19.25,7.17,81.36,283.5,108.4,5.23
"PLA-015xZM-0002","PLA-015","ZM-0002","WEST-2024-L6","WEST-2024-L6-B2",2,1,6,19.49,7.94,85.71,284.02,117.23,6.44
"PLA-053xZM-0002","PLA-053","ZM-0002","WEST-2024-L6","WEST-2024-L6-B2",2,10,3,19.57,7.57,76.41,260.34,113.32,7.53
"PLA-055xZM-0002","PLA-055","ZM-0002","WEST-2024-L6","WEST-2024-L6-B2",2,3,11,18.13,8.36,85.42,275.99,112.25,6.36
"PLA-014xZM-0002","PLA-014","ZM-0002","WEST-2024-L6","WEST-2024-L6-B2",2,4,12,19.35,8.78,80.02,279.45,114.78,6.42
"PLA-008xZM-0002","PLA-008","ZM-0002","WEST-2024-L6","WEST-2024-L6-B2",2,3,9,20.02,7.82,76.86,296.48,116.84,6.03
"PLA-058xZM-0002","PLA-058","ZM-0002","WEST-2024-L6","WEST-2024-L6-B2",2,6,3,19.98,7.13,72.04,294.08,106.53,5.18
"PLA-024xZM-0002","PLA-024","ZM-0002","WEST-2024-L6","WEST-2024-L6-B2",2,7,9,19.48,8.68,73.96,289.86,119.35,6.9
"PLB-026xZM-0002","PLB-026","ZM-0002","WEST-2024-L6","WEST-2024-L6-B2",2,10,12,17.33,8.27,77.78,290.68,116.3,6.49
"PLB-045xZM-0002","PLB-045","ZM-0002","WEST-2024-L6","WEST-2024-L6-B2",2,11,6,17.41,8.57,80.13,306.55,119.25,6.19
"PLB-033xZM-0002","PLB-033","ZM-0002","WEST-2024-L6","WEST-2024-L6-B2",2,1,3,16.45,9.08,74.89,285.94,113.23,4.05
"PLB-030xZM-0002","PLB-030","ZM-0002","WEST-2024-L6","WEST-2024-L6-B2",2,5,5,14.1,7.8,82.85,286.12,111.09,6
"PLB-048xZM-0002","PLB-048","ZM-0002","WEST-2024-L6","WEST-2024-L6-B2",2,12,3,15.19,8.65,83.09,295.08,110.94,6.4
"PLB-052xZM-0002","PLB-052","ZM-0002","WEST-2024-L6","WEST-2024-L6-B2",2,10,5,17.19,8.07,78.91,299.4,115.65,6.73
"PLB-022xZM-0002","PLB-022","ZM-0002","WEST-2024-L6","WEST-2024-L6-B2",2,2,8,17.98,8.44,81.5,300.04,118.34,6.7
"PLB-008xZM-0002","PLB-008","ZM-0002","WEST-2024-L6","WEST-2024-L6-B2",2,5,1,13.22,7.42,81.74,283.07,113.5,4.47
"PLA-025xZM-0003","PLA-025","ZM-0003","WEST-2024-L6","WEST-2024-L6-B2",2,9,12,17.5,7.83,80.48,284.21,115.61,7.82
"PLA-015xZM-0003","PLA-015","ZM-0003","WEST-2024-L6","WEST-2024-L6-B2",2,5,11,16.52,8.69,84.63,315.93,115.97,6
"PLA-053xZM-0003","PLA-053","ZM-0003","WEST-2024-L6","WEST-2024-L6-B2",2,12,10,21.33,9.21,79.3,294.96,121.37,8.54
"PLA-055xZM-0003","PLA-055","ZM-0003","WEST-2024-L6","WEST-2024-L6-B2",2,11,8,20.2,8.21,85.5,286.37,118.56,5.77
"PLA-014xZM-0003","PLA-014","ZM-0003","WEST-2024-L6","WEST-2024-L6-B2",2,1,1,20.53,8.65,82.19,311.79,120.56,7.48
"PLA-008xZM-0003","PLA-008","ZM-0003","WEST-2024-L6","WEST-2024-L6-B2",2,2,9,16.23,6.41,80.79,279.37,121.13,6.4
"PLA-058xZM-0003","PLA-058","ZM-0003","WEST-2024-L6","WEST-2024-L6-B2",2,8,6,19.38,7.76,74.08,298.95,109.51,7.75
"PLA-024xZM-0003","PLA-024","ZM-0003","WEST-2024-L6","WEST-2024-L6-B2",2,11,2,19.06,7.77,84.98,288.34,118.43,8.07
"PLB-026xZM-0003","PLB-026","ZM-0003","WEST-2024-L6","WEST-2024-L6-B2",2,2,5,15.12,8.87,83.72,284.39,119.09,6.56
"PLB-045xZM-0003","PLB-045","ZM-0003","WEST-2024-L6","WEST-2024-L6-B2",2,3,12,18.94,7.53,76.13,305.41,124.82,7.25
"PLB-033xZM-0003","PLB-033","ZM-0003","WEST-2024-L6","WEST-2024-L6-B2",2,11,7,15.55,8.37,79.83,319.63,118.1,6.04
"PLB-030xZM-0003","PLB-030","ZM-0003","WEST-2024-L6","WEST-2024-L6-B2",2,2,10,15.35,8.44,83.9,280.23,116.77,6.01
"PLB-048xZM-0003","PLB-048","ZM-0003","WEST-2024-L6","WEST-2024-L6-B2",2,5,6,15.95,7.69,77.6,313.18,113.02,5.93
"PLB-052xZM-0003","PLB-052","ZM-0003","WEST-2024-L6","WEST-2024-L6-B2",2,11,1,17.29,7.65,78.41,316.83,115.54,8.16
"PLB-022xZM-0003","PLB-022","ZM-0003","WEST-2024-L6","WEST-2024-L6-B2",2,10,8,15.51,8.62,78.34,297.11,124.38,7.3
"PLB-008xZM-0003","PLB-008","ZM-0003","WEST-2024-L6","WEST-2024-L6-B2",2,7,3,15.38,7.53,82.89,297.35,115.85,5.88
"PLA-025xZM-0001","PLA-025","ZM-0001","WEST-2024-L6","WEST-2024-L6-B3",3,1,7,14.03,8.33,81.65,311.39,113.36,6.1
"PLA-015xZM-0001","PLA-015","ZM-0001","WEST-2024-L6","WEST-2024-L6-B3",3,4,4,13.2,8.17,79.92,321.35,113.89,6.15
"PLA-053xZM-0001","PLA-053","ZM-0001","WEST-2024-L6","WEST-2024-L6-B3",3,6,6,18.36,8.59,80.51,293.08,112.13,7.31
"PLA-055xZM-0001","PLA-055","ZM-0001","WEST-2024-L6","WEST-2024-L6-B3",3,6,1,16.05,8.15,70.81,279.11,115.1,4.85
"PLA-014xZM-0001","PLA-014","ZM-0001","WEST-2024-L6","WEST-2024-L6-B3",3,7,6,15.59,9.79,77.36,277.32,114.48,8.69
"PLA-008xZM-0001","PLA-008","ZM-0001","WEST-2024-L6","WEST-2024-L6-B3",3,6,12,15.6,7.65,78.29,289.97,116.39,6.79
"PLA-058xZM-0001","PLA-058","ZM-0001","WEST-2024-L6","WEST-2024-L6-B3",3,4,9,19.9,6.98,71.67,307.9,109.63,8.08
"PLA-024xZM-0001","PLA-024","ZM-0001","WEST-2024-L6","WEST-2024-L6-B3",3,5,4,15.53,8.78,78.98,289.12,114.82,6.45
"PLB-026xZM-0001","PLB-026","ZM-0001","WEST-2024-L6","WEST-2024-L6-B3",3,2,3,14.92,8.9,78.18,290.03,113.32,6.69
"PLB-045xZM-0001","PLB-045","ZM-0001","WEST-2024-L6","WEST-2024-L6-B3",3,7,1,16.97,9.39,70.86,282.73,121.46,5.19
"PLB-033xZM-0001","PLB-033","ZM-0001","WEST-2024-L6","WEST-2024-L6-B3",3,10,1,10.87,8.57,78.06,280.73,114.64,5.55
"PLB-030xZM-0001","PLB-030","ZM-0001","WEST-2024-L6","WEST-2024-L6-B3",3,9,3,11.9,8.09,81.56,304.51,116.65,6.11
"PLB-048xZM-0001","PLB-048","ZM-0001","WEST-2024-L6","WEST-2024-L6-B3",3,4,1,11.9,7.87,69.9,301.65,109.12,5.87
"PLB-052xZM-0001","PLB-052","ZM-0001","WEST-2024-L6","WEST-2024-L6-B3",3,5,2,14.83,7.97,75.13,289.31,112.85,6.68
"PLB-022xZM-0001","PLB-022","ZM-0001","WEST-2024-L6","WEST-2024-L6-B3",3,2,1,14.99,8.62,75.28,300.95,115.42,6.99
"PLB-008xZM-0001","PLB-008","ZM-0001","WEST-2024-L6","WEST-2024-L6-B3",3,4,5,15.28,8.18,76.83,298.04,111.69,6.78
"PLA-025xZM-0002","PLA-025","ZM-0002","WEST-2024-L6","WEST-2024-L6-B3",3,11,3,17.52,7.78,77.58,297.22,108.26,5.72
"PLA-015xZM-0002","PLA-015","ZM-0002","WEST-2024-L6","WEST-2024-L6-B3",3,7,2,16.42,7.75,79.37,301.92,113.85,6.29
"PLA-053xZM-0002","PLA-053","ZM-0002","WEST-2024-L6","WEST-2024-L6-B3",3,12,12,18.36,7.69,83.14,283.66,115.71,8.88
"PLA-055xZM-0002","PLA-055","ZM-0002","WEST-2024-L6","WEST-2024-L6-B3",3,3,7,17.53,8.55,82.13,256.76,111.25,5.73
"PLA-014xZM-0002","PLA-014","ZM-0002","WEST-2024-L6","WEST-2024-L6-B3",3,9,2,17.25,7.81,79.66,268.6,114.86,6.89
"PLA-008xZM-0002","PLA-008","ZM-0002","WEST-2024-L6","WEST-2024-L6-B3",3,2,6,16.45,7.02,83.12,297.12,116.1,6.99
"PLA-058xZM-0002","PLA-058","ZM-0002","WEST-2024-L6","WEST-2024-L6-B3",3,4,2,18.44,7.79,72.91,283.13,109.73,7.38
"PLA-024xZM-0002","PLA-024","ZM-0002","WEST-2024-L6","WEST-2024-L6-B3",3,8,5,18.58,8.35,80.89,285.38,118.35,6.82
"PLB-026xZM-0002","PLB-026","ZM-0002","WEST-2024-L6","WEST-2024-L6-B3",3,11,10,15.46,7.34,77.83,290.59,116.07,8.25
"PLB-045xZM-0002","PLB-045","ZM-0002","WEST-2024-L6","WEST-2024-L6-B3",3,11,5,16.17,8.44,80.74,281.16,121.37,7.62
"PLB-033xZM-0002","PLB-033","ZM-0002","WEST-2024-L6","WEST-2024-L6-B3",3,10,11,15.05,8.77,77.24,292,108.24,5.36
"PLB-030xZM-0002","PLB-030","ZM-0002","WEST-2024-L6","WEST-2024-L6-B3",3,11,9,16.34,8.44,82.17,260.33,111.41,7
"PLB-048xZM-0002","PLB-048","ZM-0002","WEST-2024-L6","WEST-2024-L6-B3",3,5,10,16.01,8.04,77.46,282.18,111.04,6.06
"PLB-052xZM-0002","PLB-052","ZM-0002","WEST-2024-L6","WEST-2024-L6-B3",3,9,8,17.01,8.6,77.23,303.76,116.51,7.26
"PLB-022xZM-0002","PLB-022","ZM-0002","WEST-2024-L6","WEST-2024-L6-B3",3,4,7,18.83,7.54,79.59,300.91,114.55,6.92
"PLB-008xZM-0002","PLB-008","ZM-0002","WEST-2024-L6","WEST-2024-L6-B3",3,3,8,14.03,8.07,81.22,293.08,116.61,6.04
"PLA-025xZM-0003","PLA-025","ZM-0003","WEST-2024-L6","WEST-2024-L6-B3",3,6,10,19.59,7.74,85.54,291.78,113.42,7.29
"PLA-015xZM-0003","PLA-015","ZM-0003","WEST-2024-L6","WEST-2024-L6-B3",3,3,3,15.62,8.01,87.5,312.23,111.15,6.22
"PLA-053xZM-0003","PLA-053","ZM-0003","WEST-2024-L6","WEST-2024-L6-B3",3,3,2,18.14,9.09,82.85,309.95,115.53,7.51
"PLA-055xZM-0003","PLA-055","ZM-0003","WEST-2024-L6","WEST-2024-L6-B3",3,6,7,18.01,7.68,81.51,289.09,114.63,6.49
"PLA-014xZM-0003","PLA-014","ZM-0003","WEST-2024-L6","WEST-2024-L6-B3",3,4,10,18.99,9.07,83.37,286.06,115.03,6.79
"PLA-008xZM-0003","PLA-008","ZM-0003","WEST-2024-L6","WEST-2024-L6-B3",3,1,4,17.86,7.89,89.1,309.36,119.15,6.52
"PLA-058xZM-0003","PLA-058","ZM-0003","WEST-2024-L6","WEST-2024-L6-B3",3,11,12,19.71,8.06,77.59,315.8,114.69,8.15
"PLA-024xZM-0003","PLA-024","ZM-0003","WEST-2024-L6","WEST-2024-L6-B3",3,3,10,15.25,7.64,83.77,286.99,121.51,6.81
"PLB-026xZM-0003","PLB-026","ZM-0003","WEST-2024-L6","WEST-2024-L6-B3",3,1,11,15.49,8.16,82.61,314.71,112.55,7.92
"PLB-045xZM-0003","PLB-045","ZM-0003","WEST-2024-L6","WEST-2024-L6-B3",3,7,7,16.27,8.26,80.75,303.92,122.14,7.19
"PLB-033xZM-0003","PLB-033","ZM-0003","WEST-2024-L6","WEST-2024-L6-B3",3,3,6,13.76,7.72,79.03,285.77,113.09,6.07
"PLB-030xZM-0003","PLB-030","ZM-0003","WEST-2024-L6","WEST-2024-L6-B3",3,4,11,16.64,8.25,79.43,301.32,117.12,6.68
"PLB-048xZM-0003","PLB-048","ZM-0003","WEST-2024-L6","WEST-2024-L6-B3",3,9,11,14.7,7.3,83.11,306.38,111.78,6.12
"PLB-052xZM-0003","PLB-052","ZM-0003","WEST-2024-L6","WEST-2024-L6-B3",3,4,3,13.66,8.74,78.8,302.56,116.07,7.3
"PLB-022xZM-0003","PLB-022","ZM-0003","WEST-2024-L6","WEST-2024-L6-B3",3,12,11,18.73,9.76,77.94,302.52,118.59,7.16
"PLB-008xZM-0003","PLB-008","ZM-0003","WEST-2024-L6","WEST-2024-L6-B3",3,2,4,12.64,7.22,82.69,309.03,116.88,6.71
